,LIMIT_BAL,PAY_0,PAY_2,PAY_3,PAY_4,PAY_5,PAY_6,BILL_AMT1,BILL_AMT2,BILL_AMT3,BILL_AMT4,BILL_AMT5,BILL_AMT6,PAY_AMT1,PAY_AMT2,PAY_AMT3,PAY_AMT4,PAY_AMT5,PAY_AMT6,s,favorable
0,240000,0,0,0,0,0,0,215013,220938,213460,217816,222214,227174,9600,7800,7907,8021,8610,8084,1,0
1,30000,2,0,0,0,0,0,29742,30266,45414,21331,21987,22452,1406,1366,1000,1000,980,1000,1,1
2,630000,0,0,0,0,0,0,440474,444370,455286,327021,334558,341439,18000,20000,12000,13000,13022,13016,1,0
3,210000,0,0,0,0,0,0,3675,4460,5542,15378,18106,18804,1082,1164,10000,3000,1000,1000,0,0
4,150000,-2,-2,-2,-2,-2,-1,0,5067,131,987,0,14001,5067,131,987,400,14001,0,0,1
5,20000,2,0,0,0,0,0,18996,19316,20330,20515,20424,19996,1325,1339,1609,823,723,1705,1,0
6,280000,1,2,2,2,2,2,188894,194489,197722,192140,203913,200564,10101,8000,0,15000,0,7053,1,1
7,400000,0,0,0,0,0,0,68835,60549,63047,65508,66954,68411,2600,3000,3000,2000,2002,3020,0,0
8,380000,0,0,0,0,-1,0,86950,76202,63536,22345,9222,10551,3239,1283,453,9222,10551,5088,0,0
9,360000,0,0,0,0,0,0,160411,163079,166445,168301,171870,175458,6200,6200,4768,5000,5000,5023,0,0
10,50000,1,2,0,0,0,0,44977,43981,44996,45736,46748,47816,0,2045,1785,1900,2000,2210,0,0
11,10000,0,0,0,0,0,0,9893,8694,8365,9526,9711,9764,1125,1146,1307,492,357,901,1,0
12,50000,0,0,0,0,0,0,9404,10745,12058,13256,14437,16985,1500,1500,1400,1400,2800,0,1,0
13,110000,0,0,0,0,0,0,113928,112775,110399,48532,44703,47869,4915,4379,12466,5000,5307,5000,1,0
14,150000,0,0,0,2,0,0,20604,21614,24535,23778,24255,24630,1359,3280,0,1000,750,681,1,0
15,130000,0,0,0,0,0,0,101281,129217,128302,125300,4125,4210,31200,4268,89527,107,500,1000,1,0
16,210000,0,0,0,0,0,0,197324,201977,205800,205590,98572,90521,8000,11000,6000,4098,3500,3000,0,0
17,20000,3,2,8,7,6,5,14513,22232,21936,21631,21026,20130,8000,0,0,0,0,0,1,1
18,180000,-2,-2,-2,-2,-2,-2,0,0,0,0,0,0,0,0,0,0,0,0,1,0
19,280000,-1,2,2,-1,2,-1,199,199,-127,1012,536,982,0,0,1548,0,982,601,0,0
20,210000,-2,-2,-2,-2,-2,-2,0,0,0,820,0,0,0,0,820,0,0,0,0,0
21,50000,0,0,0,0,0,0,49017,50690,47487,48319,48449,49656,2500,2000,2000,1746,2000,1800,0,0
22,700000,-1,0,-1,0,0,0,8277,18282,130130,105055,70896,41509,17599,130370,3381,145,4639,12235,1,0
23,290000,0,0,0,0,0,0,271508,261713,267792,273208,277225,284010,11000,11800,11500,10000,11000,9000,1,0
24,180000,0,0,0,0,0,0,180827,175914,176778,172440,168914,171645,6600,7738,6200,6418,13000,0,1,1
25,60000,-2,-2,-2,-1,0,0,53044,51158,29452,1696,38585,38884,1607,1675,1696,38000,1500,1400,0,0
26,320000,-2,-2,-2,-1,-1,-1,15176,24845,12680,5522,44743,18931,24969,12743,5542,44956,19011,8138,0,0
27,20000,1,-2,-1,0,0,0,0,0,1568,1398,920,0,0,1568,1000,302,0,192,0,0
28,20000,1,2,2,2,3,2,12961,13668,13145,15023,14510,13854,1209,0,2087,0,550,0,1,1
29,160000,1,-2,-2,-1,-1,-2,5520,0,0,708,560,0,0,0,708,560,0,560,0,0
30,20000,-2,-2,-2,-2,-2,-2,0,0,0,0,0,0,0,0,0,0,0,930,0,0
31,80000,0,0,0,0,0,0,55385,52801,50209,43323,40275,38690,2019,2031,2013,2016,2002,3000,1,0
32,90000,0,0,0,0,0,0,85818,88988,50780,50929,48735,49746,5100,2200,2200,1944,2200,2000,1,0
33,20000,0,0,0,0,0,0,37720,12266,8999,8810,10167,11710,1200,1200,1600,1500,1700,1000,1,0
34,150000,0,0,0,0,0,0,146480,147880,146958,147218,146817,103651,6380,4570,4500,5000,3300,1300,0,1
35,20000,0,0,0,0,0,0,18321,18446,18285,18235,16259,10640,1355,1136,646,381,337,1251,1,0
36,90000,2,0,0,0,0,0,58395,59559,61640,62793,63493,67204,2134,3043,3000,2300,4506,15490,1,1
37,120000,-1,-1,-1,2,-1,-1,1184,1066,5079,2528,4007,7457,1066,5079,0,4007,7457,2819,0,0
38,200000,0,0,0,0,0,0,161514,163340,168701,172074,173907,184067,6000,8000,8000,6500,13500,0,1,1
39,510000,0,0,0,0,0,0,78331,99414,107686,103776,87265,36739,40010,20094,5000,5001,25365,65000,0,0
40,50000,1,2,2,2,2,2,18992,19881,20767,20136,21802,21315,1500,1500,0,2000,0,1000,0,0
41,310000,-1,0,0,0,0,0,12295,13440,30944,31594,30454,29246,2000,20000,2000,2000,2000,210759,1,0
42,100000,1,2,0,0,0,0,96310,78965,74289,70534,61450,65482,0,2600,6459,2500,5000,0,1,0
43,230000,0,0,0,0,0,0,111691,117858,121697,119772,115730,111222,8000,6000,5000,5000,5000,5000,0,0
44,40000,1,2,0,0,0,3,28926,28182,28912,29495,33011,32194,0,1500,1064,4000,0,0,1,1
45,30000,4,3,2,7,7,7,2646,2646,2646,2646,2646,2646,0,0,0,0,0,0,1,0
46,170000,-1,0,-1,-1,-1,0,16480,21770,11507,715,3282,715,15067,11572,3282,3282,0,3122,1,1
47,140000,0,0,2,2,2,2,124375,133384,135691,137675,135371,138455,11000,6000,5700,0,5500,5000,0,1
48,60000,0,0,0,-1,-1,-2,57657,54173,67300,590,0,0,3400,1650,1180,0,0,400,0,0
49,60000,0,0,0,2,2,2,56166,58022,61331,55566,59331,60569,2760,4941,0,4675,2361,0,0,1
50,160000,2,2,2,2,2,2,67771,69535,70848,71739,73090,74490,3400,3000,2600,2600,2700,2800,1,1
51,120000,1,-2,-2,-2,-1,-1,0,0,0,0,915,0,0,0,0,915,0,0,0,0
52,380000,0,0,0,0,0,0,44986,109142,43758,39106,37978,33428,70000,2014,1004,3000,2000,3302,0,0
53,490000,0,0,0,0,0,0,191937,194347,202400,46634,47622,50844,7133,11365,1700,1740,4026,2060,0,0
54,30000,3,2,2,2,0,0,12751,12256,15002,13914,11093,9508,0,2955,0,436,423,341,1,1
55,60000,0,0,0,0,0,0,60491,61319,56550,43279,28289,28013,2560,1593,1348,1012,1016,1007,0,1
56,200000,-1,-1,-1,-1,-1,0,3664,718,2946,390,390,390,718,2946,390,390,0,1313,1,0
57,110000,0,0,0,0,0,0,125719,121523,116319,116082,111141,110854,4316,4120,4001,4173,4103,3888,0,0
58,20000,1,2,2,2,0,0,8992,8313,10179,9394,11462,11410,0,2400,0,2458,2228,780,0,0
59,60000,-2,-2,-2,-2,-1,-1,11862,1856,-14,4839,9567,11407,1861,0,4853,9567,2000,0,1,0
60,230000,1,2,0,0,0,0,113218,114665,115898,112930,115743,118933,4800,4600,4300,4700,5124,4110,0,0
61,50000,0,0,0,0,0,0,23236,19132,15138,14036,14752,15445,1660,1065,5000,5000,5000,2000,1,0
62,290000,-1,-1,-1,-1,-1,-1,316,316,316,316,316,297,316,316,316,316,297,2828,0,0
63,320000,-2,-2,-2,-2,-2,-2,43528,498,429,14257,5417,2967,500,431,14328,5439,2980,5028,1,0
64,350000,-1,0,-1,-1,-1,-1,61937,65343,1355,7069,0,180,5343,1359,14615,0,180,1340,0,0
65,180000,-1,0,0,0,0,0,14525,13828,10394,17562,8495,5090,1347,5000,10026,5000,785,5000,0,0
66,190000,0,0,0,2,0,0,106410,108770,115325,112063,114484,121179,5491,9800,0,4300,8700,4500,1,0
67,90000,0,0,0,0,0,0,55779,51886,52495,47727,44404,35768,2100,2166,1400,1534,1300,665,1,0
68,20000,0,0,0,0,0,0,12648,14126,15162,17891,18590,19286,2000,1271,3000,1000,1000,1000,1,0
69,500000,0,0,0,0,0,0,74223,72419,64537,60228,59038,58738,3338,3022,2502,2250,2350,2200,1,0
70,200000,-1,-1,-1,-1,-1,-1,5150,10190,10190,10190,10594,11193,10190,10190,10190,10594,11193,10190,0,0
71,130000,0,0,0,0,0,0,12535,14317,15656,4918,6918,8944,2000,2040,3000,2000,2026,6561,0,0
72,20000,0,0,0,-2,-2,-2,19624,16972,0,0,0,0,1000,0,0,0,0,0,1,1
73,280000,0,0,0,0,0,0,236168,242865,243515,215853,189911,161830,11000,10500,8010,7000,6000,4600,1,0
74,90000,1,2,2,2,2,2,77604,73317,71334,67009,63228,59378,1700,4000,1600,1600,1500,4086,1,0
75,140000,0,-1,0,0,0,0,10281,32163,20421,19573,11611,0,32172,1476,2140,1000,0,0,0,0
76,10000,-1,2,2,2,0,0,2887,1923,2989,2813,2008,2132,0,1500,0,0,150,0,1,0
77,80000,-2,-2,-2,-2,-2,-2,-1590,-6256,-10922,-15588,-20254,-24920,4666,4666,4666,4666,266,0,1,0
78,20000,-1,2,0,0,0,0,6483,6233,7254,8106,8418,8440,0,1283,1135,447,306,307,0,1
79,450000,-2,-2,-2,-2,-2,-2,3996,9120,8528,0,6368,3000,9120,8528,0,6368,3000,3238,0,0
80,180000,-2,-2,-2,-2,-2,-2,2196,396,392,1592,1304,8,396,392,1596,1308,0,2218,1,0
81,320000,0,0,0,0,0,0,3825,3835,6746,9472,11777,14282,3000,3000,3000,3000,3000,4000,0,0
82,800000,-2,-2,-2,-1,-1,-1,6229,4636,3810,6193,1957,3175,4644,3832,6219,1961,3183,27201,1,0
83,150000,0,0,0,0,0,0,76215,72149,58228,38495,35807,24871,22365,10000,3993,15838,10000,7780,1,0
84,270000,-2,-2,-2,-2,-2,-2,3291,0,0,0,0,0,0,0,0,0,0,0,0,0
85,10000,0,-1,-1,0,0,0,9285,273,8327,9379,9566,9766,273,8327,1200,342,354,438,1,0
86,170000,-2,-2,-2,-2,-1,-1,6175,7404,7829,2218,3972,3643,7417,7862,2218,4866,3643,2732,1,0
87,50000,0,0,0,0,0,0,17094,17779,19275,18829,15913,7561,2000,3000,1000,1000,1000,2115,1,0
88,50000,0,0,0,0,0,0,49854,51215,50144,10683,9953,9567,2500,1500,1300,800,1000,1500,1,0
89,80000,0,0,0,0,-2,-2,53315,47740,50100,0,0,0,3300,6267,0,0,0,4189,1,0
90,230000,0,0,0,-1,-1,-1,8136,3590,2936,476,476,476,1500,1000,476,476,476,1685,0,0
91,20000,1,3,2,0,0,0,9080,8790,8505,9557,10395,11227,0,0,1200,1000,1000,1000,1,0
92,90000,0,0,0,0,0,0,7752,9112,10306,11328,12036,14329,1500,1500,1500,1200,2500,0,1,1
93,280000,0,0,0,0,0,0,34433,34763,25048,24116,50483,47056,1383,1647,1004,41551,2056,1670,0,0
94,230000,-1,-1,-1,0,-1,-1,1886,8013,3962,1410,1410,1410,8034,4007,0,1410,1410,1410,0,0
95,300000,-2,-2,-2,-2,-2,-2,2022,537,142,656,620,502,537,142,656,620,502,142,0,0
96,100000,1,-2,-2,-1,2,2,-166,-482,-1114,880,414,1098,0,0,1994,0,1000,0,0,0
97,170000,-1,-1,-1,-1,-1,-1,12218,5500,100,1608,1800,897,5507,100,1608,1800,897,1443,0,1
98,160000,2,2,2,0,0,0,146129,158066,156898,154725,115841,111615,15000,4000,8000,4000,4000,4000,1,1
99,90000,0,0,0,0,0,0,89129,89543,84447,78238,68234,69684,3308,3014,3203,3000,3000,3000,0,0
100,50000,0,0,0,0,0,0,28440,23228,21482,18029,18705,18698,1436,1162,2184,871,500,0,1,0
101,80000,0,0,0,0,0,2,14227,15185,16236,16960,17777,18042,1500,1600,1300,1100,700,700,0,1
102,250000,1,-1,-1,-1,-1,-1,0,93,5354,167,908,0,93,5354,167,908,0,0,1,0
103,50000,1,-2,-2,-1,-1,-1,0,0,0,831,138,658,0,0,831,138,658,0,0,0
104,270000,-1,-1,-1,-1,0,-1,3095,2340,0,1250,2250,178,2340,0,1250,1000,178,1772,0,0
105,20000,-1,-1,-1,-1,-1,-1,1475,1291,3898,1681,901,0,1291,3898,1681,901,0,0,0,0
106,330000,-1,-1,-1,-1,0,-1,4785,3403,0,5882,5882,1013,3523,0,5882,0,1013,0,0,0
107,20000,0,0,0,-1,-1,0,19667,19974,5491,831,20088,19733,1500,1000,831,20500,1000,1100,0,1
108,130000,0,0,0,-2,-2,-2,49964,50000,0,0,0,0,1000,0,0,0,0,0,0,0
109,500000,-1,-1,0,0,-1,0,2343,4666,3492,3008,16871,19188,4695,2506,2015,16883,5013,8031,0,0
110,30000,1,2,2,2,2,2,13164,12668,15038,14502,15501,15105,0,2905,0,1386,0,600,0,0
111,50000,2,0,0,-1,0,0,55518,52931,55122,33975,18827,19222,3000,4000,53083,1268,708,664,1,0
112,130000,0,0,0,0,0,0,10557,12069,14849,17585,17990,20682,2000,3000,3000,1000,3000,3000,1,0
113,60000,0,0,0,0,0,0,62396,36034,30534,28442,24544,24998,1500,1500,1404,1100,1000,1000,0,0
114,240000,0,0,2,0,0,2,176035,196664,192140,194357,205637,202417,25228,0,6947,14402,33,7167,0,0
115,30000,0,0,2,0,0,2,5807,7153,7877,8591,10302,10006,1600,1000,1000,2000,0,1500,0,0
116,260000,0,0,0,0,0,0,162820,153457,143580,133477,122545,120772,6024,6012,6000,5000,5000,4000,1,0
117,20000,2,2,2,2,0,0,17233,18639,20035,19333,18135,14366,2000,2000,0,1000,500,1950,1,1
118,50000,0,0,0,0,-1,0,50517,48230,42674,4593,18007,18230,2015,1882,2119,45800,662,1000,1,0
119,50000,1,3,3,2,2,2,45472,47923,46898,45849,48258,48341,3500,0,0,3500,1000,3500,0,1
120,400000,0,-1,2,-1,0,0,20818,1079,799,1883,587,0,1878,0,1883,0,0,0,0,0
121,150000,0,0,0,0,0,0,125063,118843,137751,141330,146389,132617,10050,30000,5000,6088,5150,10000,1,0
122,100000,0,-1,-1,-1,-1,-1,1603,1440,1440,1440,1440,6059,1440,1440,1440,1440,6059,1440,0,0
123,70000,0,0,2,0,0,0,8244,10569,8159,8241,9103,9361,2500,0,1000,1000,409,1000,0,0
124,230000,-1,-1,-1,0,0,-1,740,740,10860,10120,7050,740,740,10860,0,0,740,0,0,0
125,230000,-2,-2,-2,-2,-2,-2,2774,0,0,0,0,5347,0,0,0,0,5347,0,0,0
126,170000,-1,-1,0,0,0,0,1499,53705,110465,110503,110776,111080,53705,60000,3908,4000,4010,5510,0,0
127,240000,0,0,0,0,0,0,75830,50787,51524,31783,33993,36783,1480,1601,1400,3000,3180,37102,0,0
128,50000,1,3,2,0,-1,-1,52935,50946,22740,2314,1823,18839,0,0,0,1823,18839,641,1,1
129,280000,-1,-1,-1,0,0,-1,3678,1829,10002,13476,23572,14603,3658,10020,10000,11000,14603,3819,0,0
130,80000,0,0,0,0,0,-1,2227,3432,4416,5275,0,316,1250,1200,1000,0,316,31002,0,0
131,300000,-1,-1,-1,-1,-1,-1,514,2392,148,148,148,0,2392,148,148,148,0,747,0,1
132,470000,0,0,0,0,0,0,163000,160298,135683,128719,116173,104283,10047,5001,6010,4512,4012,3522,0,0
133,110000,0,0,2,2,2,2,39768,44333,43320,48236,49195,48253,5548,0,5651,1876,0,2000,1,0
134,30000,-1,2,2,-1,2,2,1123,543,153,1495,955,1735,200,0,1495,0,1170,0,1,0
135,500000,-1,-1,-1,0,0,0,2450,1038,34741,20409,23804,22697,1100,35157,3000,5000,5000,5000,1,0
136,240000,0,0,0,0,0,0,232943,236437,133385,136654,136639,123951,9700,5000,5500,5500,5000,5000,1,0
137,60000,-1,-1,-1,-1,-1,-1,631,2790,1758,416,416,3640,2790,1758,416,416,3640,730,0,0
138,150000,0,0,0,0,2,2,49278,50156,51849,54659,55681,53878,2000,2500,4300,2500,0,2800,0,0
139,300000,1,2,2,2,2,2,32643,33427,32591,34943,35536,36403,1600,0,2900,1300,1600,0,1,0
140,310000,0,0,2,0,0,0,131559,135970,121016,111214,101957,92805,17839,0,5000,4000,4000,3000,0,0
141,30000,0,0,0,0,0,0,1445,3410,5338,7239,9112,10949,2000,2000,2000,2000,2000,2000,0,0
142,360000,0,0,0,0,0,0,90071,83204,75869,58219,45605,32245,3032,2311,1570,1500,983,3000,1,0
143,240000,-2,-2,-2,-2,-2,-2,6101,1202,3227,4039,1776,1513,1205,3236,4051,1781,1517,3630,0,0
144,320000,0,0,0,0,0,0,42596,43548,33674,34259,62546,106857,1955,2020,1605,30039,65000,5000,0,0
145,360000,-1,-1,-1,-1,-1,-1,147,686,6037,1560,0,275,686,6041,1560,0,275,0,0,0
146,170000,0,0,0,0,0,0,166246,169163,136604,136607,133199,135242,6700,6800,4700,4700,5500,5000,0,0
147,50000,2,0,0,0,0,0,33999,34997,36030,36740,37469,38254,1867,1900,1610,1339,1387,1395,0,1
148,20000,2,2,0,0,0,2,14750,14229,16438,16770,17995,17556,0,2773,605,1500,0,1456,0,1
149,30000,0,0,0,0,0,0,30419,28221,29016,7946,8114,8382,1481,1276,1132,300,400,370,0,0
150,70000,0,0,-2,-1,-1,0,36175,0,0,680,69257,68557,0,0,680,71867,9812,2900,0,0
151,20000,2,0,0,0,0,0,14064,12451,11176,6934,11203,7737,3000,1006,144,10000,308,2000,0,1
152,140000,0,0,0,0,0,0,136170,139270,137548,96340,94201,97068,6799,5100,3300,3400,7461,3498,0,0
153,230000,0,0,0,0,0,0,120113,112301,104587,98333,88909,78872,4501,4585,3328,3500,2872,3000,1,0
154,150000,0,0,0,-1,-1,-2,25484,26726,27810,172,0,0,1726,1810,172,0,0,0,0,0
155,30000,3,3,3,2,0,0,29391,30224,29472,56952,28476,28296,1600,0,0,600,600,1000,1,1
156,200000,1,-2,-2,-2,-2,-2,-2113,-2113,-2113,-2113,-2113,-2113,0,0,0,0,0,423,0,1
157,80000,-1,0,-1,-1,-1,-1,3995,2045,824,0,1000,0,1000,824,0,1000,0,0,0,0
158,230000,2,2,-2,-2,-2,-1,1350,0,0,0,0,470,0,0,0,0,470,0,1,0
159,260000,-1,2,-1,0,0,0,148,75,12117,9620,8690,11744,7,12117,2,0,3054,6972,0,1
160,140000,-2,-2,-2,-1,-1,0,2663,1823,1823,1769,84042,89381,1823,1823,1769,85096,9000,4000,1,0
161,180000,0,0,0,0,0,0,111752,54470,48311,38221,33947,24731,2258,1734,1183,1174,1000,537,1,0
162,50000,-1,0,0,0,0,0,26342,27457,27381,17930,18128,18490,1547,1251,1200,600,627,759,0,0
163,230000,2,0,0,0,0,0,225043,229701,229250,229572,213420,218809,10000,11000,9000,9000,9000,9000,1,1
164,120000,0,0,0,0,-2,-1,96183,99575,102650,0,0,30900,5000,5000,0,0,30900,30900,0,0
165,30000,3,2,0,0,0,0,13784,13277,13984,14350,14650,15156,0,1234,600,532,750,825,1,1
166,200000,-1,0,0,0,0,0,7271,9133,10972,12757,13069,13334,2000,2000,2003,1008,2029,1000,0,0
167,170000,0,0,0,0,0,0,43839,45502,46967,48872,51049,81018,2400,2200,3000,3000,31018,3000,0,0
168,180000,2,2,2,2,0,0,176911,172605,182641,135892,135411,126808,0,15000,0,4500,5000,5000,1,0
169,30000,-1,-1,-1,-1,-1,-1,3761,7215,2730,1770,0,11242,7231,2732,1770,0,11242,2000,0,0
170,50000,0,0,0,0,0,0,45989,47302,48330,47763,48578,49015,2081,2109,2049,1864,1923,1882,0,0
171,50000,0,0,0,0,0,0,43724,45017,46106,28381,29546,29573,2000,2000,2000,2000,1000,1000,0,0
172,210000,0,0,0,0,-1,0,149092,153941,157358,3561,34600,32581,7000,7600,1019,36500,3000,3000,0,0
173,290000,0,0,0,0,0,0,284239,284692,230891,232778,235004,226959,11000,10000,8000,10000,8000,7500,0,1
174,50000,0,0,0,0,0,0,48848,49988,45434,34688,24124,21072,2000,2000,1900,1032,3000,907,0,0
175,170000,0,0,0,0,0,0,164214,165825,167008,131544,125652,127224,8001,7077,5000,5000,5000,5000,0,0
176,80000,1,-1,-1,-1,-1,-1,0,416,832,28940,832,0,416,832,28940,832,0,416,0,0
177,40000,-2,-2,-2,-2,-2,-2,35285,36714,37356,38184,38724,37255,2000,1600,1401,1607,1800,1751,0,0
178,30000,0,-1,-1,-1,-1,-1,3118,2411,1260,1179,-101,890,2414,1260,1181,101,991,579,0,0
179,50000,0,0,0,0,0,0,39124,40474,41220,42332,43227,44530,2000,1700,1800,1600,2000,2000,1,0
180,10000,0,0,0,0,0,0,7065,8148,9199,9558,9136,9392,1200,1200,500,500,500,0,0,0
181,120000,-2,-2,-2,-2,-2,-2,316,316,316,316,316,316,316,316,316,316,316,316,1,0
182,280000,-1,-1,2,-1,-1,-1,38,34163,32800,131200,3950,0,34163,0,131200,3950,0,716,0,0
183,40000,-1,0,0,-1,-1,0,27025,32228,38904,4235,87230,72647,6000,8040,4235,87230,3000,10000,0,1
184,390000,0,0,0,0,0,0,310075,184647,90383,55212,29701,-1429,10021,4000,15046,20000,0,10090,0,0
185,50000,2,2,0,0,0,-2,16639,16041,12151,4963,0,0,14,1505,2000,0,0,0,0,0
186,360000,0,0,-2,-1,0,0,23900,0,0,150,205150,0,0,0,150,205000,0,0,0,0
187,230000,-1,0,-1,-1,-1,-1,17532,13033,2688,2688,2688,6393,10000,2688,2688,2688,6393,6504,0,0
188,170000,2,2,2,2,4,3,74298,80073,81959,89991,88018,86299,7000,3800,10000,0,0,3100,1,1
189,160000,-1,2,-1,-1,0,-1,17723,497,1100,652,326,5654,0,1100,652,0,5654,0,1,1
190,260000,0,0,0,0,0,0,181121,167875,171913,169495,167944,166881,7013,10051,10026,7039,8057,10213,0,0
191,120000,0,0,0,2,0,0,19821,20836,23562,22890,23189,23521,1651,3377,0,976,855,1011,0,0
192,290000,-1,-1,3,2,-1,-1,792,264,264,264,260,4738,264,0,0,260,4746,53902,1,0
193,130000,1,-2,-1,2,2,-1,0,0,98,98,98,2500,0,98,0,0,2500,0,0,0
194,90000,2,2,2,0,0,2,61066,62999,61388,64376,67347,74960,3500,0,4000,4000,8900,0,0,1
195,60000,0,0,2,2,0,0,59059,50579,24193,23511,24019,24481,3800,1900,0,1200,1000,3500,1,0
196,50000,0,0,0,0,0,0,13452,14524,15586,16622,17344,17864,1300,1300,1300,1000,800,1000,0,0
197,400000,0,0,0,0,0,0,79435,75332,128630,69040,64657,54363,3803,2551,2735,2628,1574,1649,1,0
198,250000,0,0,0,0,0,3,25823,26114,27446,28371,4715,4358,1500,1575,1500,1000,0,0,0,0
199,150000,0,0,0,0,0,0,146277,127679,73323,74783,76360,77868,3952,2614,2631,2735,2740,2720,1,0
200,110000,0,0,0,0,0,0,53152,45002,42051,30803,28377,29053,1725,1774,1526,1100,1200,1081,0,0
201,230000,0,0,0,0,0,0,41414,42420,44234,45684,46653,47779,2000,2500,2500,2000,2000,2000,1,0
202,90000,0,0,-2,-1,-1,-2,4857,-43,-43,968,4385,17889,0,0,1011,4385,17889,9455,0,0
203,150000,-1,-1,-1,0,-1,-1,5211,33474,18488,45489,9069,20203,33522,18516,35701,9099,20226,20786,0,0
204,50000,-1,-1,-1,-1,-1,-1,900,2757,4893,390,390,1670,3147,4893,390,390,1670,1890,0,0
205,500000,0,0,0,0,0,0,405490,417191,429469,431426,440026,449026,20000,19000,12000,9000,9000,443001,0,0
206,20000,0,0,0,0,0,0,14075,15523,17264,18325,15680,0,2000,2000,1500,500,0,0,1,0
207,30000,0,0,2,2,2,0,19495,22254,21616,26695,25970,26402,3400,0,5800,0,1000,1400,0,1
208,50000,0,0,0,0,0,0,41836,26598,14487,16233,18543,20240,6000,2000,2000,3000,2000,2000,0,0
209,150000,-1,-1,-1,0,0,-2,222,3,3359,2924,0,0,3,3461,261,0,0,0,0,0
210,200000,0,0,0,0,0,0,47517,8219,9000,10000,11340,0,1219,1000,1000,1340,0,0,0,0
211,310000,0,0,0,0,0,0,259636,263812,269351,276873,281764,299161,10000,9775,12000,11000,22000,9905,1,0
212,20000,1,-2,-1,2,2,-2,0,0,780,780,0,0,0,780,0,0,0,0,0,1
213,160000,-2,-2,-1,-1,-1,-2,741,6339,3334,3086,6959,5404,6339,3338,3090,6971,5410,1816,0,0
214,100000,-2,-2,-2,-2,-2,-2,33628,35760,0,33333,0,0,36066,156,33333,0,0,0,1,0
215,180000,1,-2,-2,-2,-2,-2,0,0,0,0,0,0,0,0,0,0,0,0,1,0
216,80000,2,0,0,0,0,0,79278,78501,78534,80016,76235,78245,3100,3500,3400,3000,3500,3000,1,0
217,180000,0,0,0,-2,-2,-2,32023,20233,0,0,0,0,10000,0,0,0,0,0,0,0
218,200000,-2,-2,-2,-2,-2,-2,1418,3052,3538,17091,2413,1301,3066,3555,17175,2435,1307,5839,1,0
219,50000,0,0,0,0,0,0,20274,44996,21147,21964,21405,20297,2600,1800,1500,1000,1000,1000,1,0
220,50000,1,2,0,0,0,0,48421,42779,34992,25916,27207,26192,0,1424,1500,1677,1500,1500,0,1
221,40000,2,0,0,0,0,0,34470,31226,30321,30124,33614,35665,2000,3000,3000,4000,3000,2000,1,1
222,20000,0,0,0,-1,-1,-2,20151,19419,19864,4723,0,0,2000,2013,4731,0,0,0,0,0
223,390000,0,0,0,0,0,0,169658,173758,177722,180132,184420,188329,8000,8000,6500,7000,7200,5500,0,0
224,20000,1,2,2,3,2,2,14589,16743,17522,17055,10400,0,2700,1400,0,0,0,0,0,1
225,30000,0,0,0,0,0,0,25159,25931,27369,25111,22235,19000,1762,2200,790,922,663,1310,0,0
226,50000,0,0,0,0,0,0,48706,49704,50851,50868,12003,9679,1809,1956,2234,369,330,343,0,0
227,50000,-1,0,0,0,0,0,18017,18561,19204,19588,20024,18694,1629,1272,656,706,954,700,1,0
228,250000,0,0,-1,-1,0,-1,249406,256400,13600,3274,2446,26710,11400,13600,3274,0,26710,12000,0,0
229,280000,-1,-1,-1,-1,-1,-1,3520,3110,3188,4176,10276,9898,3110,3188,4189,10276,9898,1691,1,0
230,310000,0,0,0,0,0,0,190704,194111,144855,149146,198027,202293,7787,6000,7000,75593,7000,7000,1,0
231,420000,-1,-1,-2,-2,-1,-1,25718,0,0,0,1643,6800,0,0,0,1643,3400,403500,0,0
232,190000,2,0,0,0,0,0,135184,139664,142293,113086,115433,117789,6586,5881,3292,3399,3469,5000,1,0
233,60000,-1,-1,-1,-1,-1,-1,1876,1876,1876,1876,1876,1876,1876,1876,1876,1876,1876,1876,0,1
234,140000,0,0,0,0,0,0,127254,109717,81545,81454,60176,79728,6050,3700,2000,3000,20000,1500,0,1
235,430000,0,0,0,0,0,0,89756,89395,90052,90604,91200,92134,3169,3243,3200,3185,3500,3500,0,0
236,150000,-2,-2,-2,-2,-2,-2,4244,9830,7588,13896,528,0,9830,7588,13907,528,0,6093,0,0
237,360000,1,-2,-2,-2,-2,-2,0,0,0,0,0,0,0,0,0,0,0,0,0,1
238,60000,1,2,2,2,2,2,47908,49823,48757,52312,52960,51985,3000,0,5000,2100,0,4600,1,0
239,180000,2,-1,-1,-1,-1,0,326,326,326,480,1011,2685,326,326,480,1011,2000,3000,0,1
240,50000,0,0,0,0,0,0,48150,47684,47528,48525,45790,46764,1797,2113,2500,1742,1817,2000,0,0
241,150000,-1,-1,-1,-2,-1,-1,2800,67568,0,0,6674,0,67568,0,0,6674,0,0,0,0
242,50000,0,0,0,-1,-1,-2,25140,23936,11107,1210,0,0,1252,1093,1210,0,0,0,1,0
243,50000,0,0,0,0,0,0,24443,24391,23595,22590,21788,21949,1800,1400,800,1000,900,900,0,0
244,30000,0,0,2,2,0,0,26742,29095,30819,29214,29478,23384,2800,2500,0,910,1000,1000,1,0
245,500000,0,0,-1,0,0,0,29566,25560,294257,278725,89161,87863,6025,294318,10254,7524,5009,2333,1,0
246,180000,0,0,0,0,0,0,162647,157533,153351,144086,118645,104652,5644,5962,4374,3895,3691,3694,0,0
247,150000,-2,-1,-1,-1,0,0,0,1003,1003,35206,36003,16854,1003,1003,35206,2000,18158,189000,1,0
248,400000,-1,-1,-1,0,0,0,5974,2600,110958,164959,130737,128312,2600,110958,110000,20000,58312,9031,0,0
249,300000,0,0,0,0,0,0,69994,71388,72886,74371,75854,77440,2552,2645,2696,2716,2809,2826,1,0
250,220000,0,0,0,0,0,0,219198,114930,100749,74457,68604,53333,5068,5000,2000,3000,3000,1000,0,0
251,300000,-1,-1,-2,-2,-2,-2,1874,-200,-200,-200,-200,-200,0,0,0,0,0,0,1,0
252,20000,4,3,2,0,0,0,34213,30100,25871,21970,18669,19669,0,0,0,0,1000,53301,1,1
253,220000,0,0,0,-1,-1,-1,105607,108917,111520,8303,0,85632,5000,5050,8303,0,85632,0,1,0
254,420000,0,0,0,0,0,0,415257,411624,388363,390003,398229,409615,16850,15522,14000,14500,18007,12733,1,1
255,100000,0,0,-2,-2,-2,-2,7642,0,0,0,0,0,0,0,0,0,0,0,1,0
256,50000,0,0,0,0,0,0,48408,47563,41319,25110,20478,20258,1774,2100,1609,1000,1000,1000,0,0
257,300000,2,-1,-1,0,0,-1,800,1946,2612,3408,1908,1108,1946,2612,1914,0,1108,530,0,0
258,30000,1,2,2,0,0,0,10056,9815,7576,5746,3900,1944,2000,0,144,128,39,1944,1,0
259,240000,-1,-1,-2,-2,-2,-2,4970,0,0,0,0,0,0,0,0,0,0,0,0,0
260,70000,0,0,0,0,0,0,120766,55164,41549,31966,31071,30476,4000,2000,1500,1200,1500,1500,1,1
261,30000,-1,0,0,0,0,0,25166,26195,27209,27924,30204,30000,1437,1451,1166,2900,600,0,0,0
262,500000,-1,0,-1,0,0,0,5410,2760,36861,23200,34255,18554,2700,36861,10000,20055,1000,5622,0,0
263,70000,1,2,0,0,0,0,79237,71627,73326,69645,19799,-1,0,2986,20150,500,0,0,1,0
264,100000,0,0,0,0,0,0,39649,43608,46899,47447,48035,40484,5000,5000,1554,1595,1686,1200,1,0
265,320000,2,0,0,0,0,2,253197,258621,262825,268326,284625,290787,11000,10000,9876,20900,11000,0,0,1
266,80000,1,2,2,-2,-2,-2,7369,7000,0,0,0,0,0,0,0,0,0,0,0,0
267,180000,-1,-1,-1,-1,-1,-1,416,416,416,416,416,832,416,416,416,416,832,0,0,1
268,10000,1,-2,-2,-2,-2,-2,0,0,0,0,0,0,0,0,0,0,0,0,1,0
269,180000,0,0,0,0,0,2,90874,79901,82451,83201,77081,74441,3000,3900,3400,5600,0,2600,0,0
270,60000,0,0,0,2,0,0,22241,22719,25585,24053,17154,19316,2000,4000,0,2000,3000,0,0,0
271,60000,0,0,0,0,0,0,35187,36236,37220,37963,38875,39184,1616,1600,1336,1500,1448,1157,1,1
272,100000,0,0,0,0,2,0,81786,84489,86298,90857,89208,91119,3400,3400,6200,0,2800,2800,1,0
273,60000,0,0,0,0,0,0,4262,11674,6281,7920,8472,8735,7662,1269,1908,1000,727,0,1,0
274,170000,1,-2,-1,2,2,-2,-1000,-1000,1000,1000,0,0,0,2000,0,0,0,0,1,0
275,20000,-1,-1,2,-1,0,0,390,780,390,780,780,0,780,0,780,0,0,0,1,1
276,460000,0,0,0,0,0,0,133102,126956,126758,121857,122830,90219,5015,5032,4407,4040,3001,3109,0,0
277,360000,2,2,2,2,0,0,108399,105167,115468,112157,114690,117845,0,12000,0,5900,5000,4500,0,1
278,100000,0,0,0,0,0,0,53494,52656,52600,52336,55831,56265,4173,3000,2025,5000,3000,3000,0,0
279,50000,0,0,0,0,0,0,45253,44840,45880,46893,47827,48829,1724,1764,1777,1711,1772,2043,1,0
280,80000,0,0,0,0,0,0,78929,78177,63914,54382,48834,49756,3200,3002,2202,2000,2000,2000,0,0
281,190000,0,0,0,2,2,2,45694,52361,43563,40909,50758,36922,9000,8000,0,12000,3000,0,1,0
282,210000,0,0,0,0,0,0,77830,68850,42884,23547,18574,12466,2555,2027,1045,1000,500,10000,0,0
283,60000,1,2,0,0,2,0,104492,53348,52817,57954,56556,55220,5200,3000,8500,0,4000,7000,1,0
284,240000,0,0,0,0,-1,2,2961,4748,7013,7722,732,291,2000,2873,1000,882,0,0,1,0
285,80000,2,0,0,0,0,0,76896,78663,78692,56032,57248,58515,3613,3100,2000,2100,2200,2041,1,1
286,50000,0,0,0,-1,-1,2,7343,7969,8832,10931,11578,10547,1139,1002,13359,800,0,426,0,0
287,80000,1,2,0,0,0,-1,27897,24833,23331,21964,19664,2544,0,1527,1500,540,2544,2789,1,1
288,30000,4,3,2,2,2,2,22303,21657,21022,23661,22983,25607,0,0,3000,0,3000,0,1,1
289,400000,-2,-2,-2,-2,-2,-2,52306,3638,11649,24140,5803,5937,3656,11713,24265,7832,5966,9363,0,0
290,190000,0,0,0,0,0,0,33798,34931,36064,37160,38237,39464,2000,2000,2000,2000,2000,2000,1,0
291,210000,-1,0,0,0,0,0,47718,233289,227143,221126,215358,163444,199000,7613,7116,6980,5813,5762,0,0
292,200000,1,-1,0,-1,-1,-1,-6676,5953,2870,390,1210,2551,16374,2392,500,1210,2551,0,1,1
293,400000,-1,-1,-1,-1,-1,-1,14013,5422,15941,5776,5448,15435,5460,16020,5805,5475,5634,6182,0,0
294,30000,-1,-1,0,0,0,-1,25616,27526,11458,7500,7000,5192,31348,1328,1000,7000,5192,0,0,0
295,80000,0,0,-2,-2,-2,-1,47751,-215,855086,632,632,124542,215,1024516,632,632,124542,14770,0,0
296,230000,-1,-1,-1,-1,-1,-1,476,476,476,476,476,4145,476,476,476,476,4145,476,1,0
297,340000,0,0,0,2,0,0,169842,158469,154170,135951,123353,110723,7000,14000,0,4000,4000,5000,0,0
298,240000,0,0,0,0,0,0,159362,227686,177380,126645,128877,121803,146282,7005,4601,5000,5300,6100,1,0
299,50000,0,0,0,0,0,0,45632,42750,39776,33164,34781,30231,1837,2500,1390,2007,2000,2000,0,0
300,350000,1,-2,-2,-2,-2,-2,0,36011,8978,11925,8574,5417,36011,8978,11975,8574,5417,1828,0,0
301,120000,0,0,0,0,0,0,53456,53862,39505,45373,46641,47569,2058,1672,10000,2000,1704,1920,1,0
302,50000,0,0,0,0,0,0,50998,51103,50262,20304,20319,20330,2209,1726,710,724,733,712,0,0
303,50000,0,0,0,0,0,0,31197,24486,24777,24521,16773,16524,4590,3000,3005,3014,3632,4006,1,0
304,120000,2,0,0,0,0,0,51244,51819,53375,54620,56170,57240,2000,2000,1700,2000,1700,1656,0,0
305,240000,0,0,-2,-2,-2,-2,118175,0,0,0,0,0,0,0,0,0,0,0,0,0
306,20000,3,2,2,2,0,0,7283,7021,11208,8818,6704,7364,0,4500,0,1000,2000,3000,1,1
307,130000,0,0,2,0,0,2,127253,135822,127930,127762,134010,133548,12207,0,5000,10100,4500,0,1,0
308,200000,0,0,0,-2,-2,-2,25874,16298,0,0,0,0,1048,0,0,0,0,0,0,0
309,290000,0,0,0,0,0,0,118801,99370,84836,82168,80299,77324,3530,3019,2818,3000,3199,2350,1,0
310,310000,-1,-1,-1,-1,-1,-1,3595,4073,11263,2710,2371,2318,4073,11321,2710,2371,2318,4352,0,0
311,200000,-2,-2,-2,-2,-2,-2,778,504,3724,445,8963,482,506,3742,447,9007,484,489,1,0
312,360000,1,2,0,0,2,0,366577,345484,354469,187836,186172,189759,0,14148,11500,0,5324,5500,0,0
313,110000,-1,-1,-1,0,0,-1,1245,1245,1490,2490,1245,2675,1245,1490,2245,0,2675,0,0,0
314,250000,0,0,0,0,0,0,88132,81826,71488,69145,68680,70047,3500,3070,2372,2413,2428,2507,0,0
315,30000,0,0,0,0,0,0,25552,26135,27407,29002,26806,25948,1800,2000,2500,1500,1000,2000,0,0
316,360000,-2,-2,-2,-2,-2,-2,2500,0,0,0,0,0,0,0,0,0,0,0,0,1
317,130000,0,0,0,0,0,-1,26868,28429,29710,34310,21900,780,2000,2000,5000,438,780,0,0,0
318,30000,3,2,2,3,3,3,1050,1050,1050,1050,1050,1050,0,0,0,0,0,0,1,1
319,20000,2,2,2,0,0,0,20586,20568,20185,20016,20044,20172,1300,700,700,1700,1600,700,1,1
320,90000,0,0,2,2,2,2,26928,29773,30091,30922,34112,34280,3600,1100,1630,4000,1200,0,0,1
321,200000,-1,-1,-1,-1,-1,-1,75,3707,697,0,2769,1382,3707,697,0,2769,1438,2411,1,0
322,90000,0,0,0,-2,-1,0,28120,32429,0,0,2522,2575,5000,0,0,2522,94,111,0,0
323,160000,-1,-1,-1,-1,0,-1,326,326,326,652,326,476,326,326,652,0,476,326,0,1
324,30000,0,0,0,0,-1,-1,29745,16309,5235,3122,11446,1914,2500,1517,2000,11446,1914,6699,1,1
325,10000,0,0,2,2,2,0,7324,9808,9501,10029,9730,9974,2609,0,830,0,400,500,0,0
326,150000,-1,-1,-1,-1,-1,-1,8319,5056,2441,4471,2441,0,5056,2441,4471,2441,0,3987,0,0
327,500000,0,-1,-1,-1,-1,0,9001,1687,1409,16200,19880,9110,1702,1422,16281,20062,500,25070,1,0
328,80000,-1,0,0,0,0,0,35861,18521,19385,20561,21261,21457,1500,1500,1500,1028,876,1449,1,0
329,260000,1,-2,-2,-2,-2,-2,0,0,0,0,0,0,0,0,0,0,0,0,0,1
330,310000,-2,-2,-2,-2,-2,-2,-44,-44,8915,-35,7028,-116,0,8959,0,7063,0,23240,1,0
331,290000,2,2,0,0,0,0,324016,294976,297386,243558,241765,236413,0,12139,80000,10000,8443,10000,1,1
332,50000,-1,-1,-1,-1,-1,-1,390,1726,390,390,390,390,1726,390,390,390,390,540,1,0
333,50000,0,0,0,0,0,0,50669,48942,27836,40346,38668,20016,1613,1484,3675,698,1000,706,1,0
334,240000,-2,-2,-2,-2,-2,-2,5731,0,0,0,0,0,0,0,0,0,0,0,1,0
335,160000,0,0,0,0,0,0,52607,53548,56214,57246,58443,59883,2834,3500,2500,2207,2500,2300,0,0
336,420000,-1,2,-1,-1,-1,-1,860,430,2010,6058,160,580,0,2010,6058,160,1000,430,1,0
337,440000,0,0,0,-2,-2,-2,70548,42651,0,27549,77349,10456,20000,0,27549,50000,18956,9307,0,0
338,110000,0,0,0,0,0,0,103135,99731,101945,82873,68587,65648,4800,5000,4000,3000,2500,2600,0,0
339,50000,0,0,2,2,2,2,42511,46526,46831,50799,50540,48700,5000,2175,5520,2000,302,2000,1,1
340,500000,0,0,0,0,0,0,51652,29550,33040,30757,35559,38981,5300,4000,3000,5300,5000,5000,0,0
341,40000,0,0,0,0,0,0,40856,39045,39825,38847,31535,32159,2023,1803,1425,1293,1300,1339,0,0
342,140000,1,-1,-1,-2,-2,-2,0,840,0,0,0,0,840,0,0,0,0,0,0,0
343,80000,0,0,0,0,0,0,77998,77452,74773,76908,77068,78434,3700,3500,4000,3200,4000,2700,0,0
344,20000,0,0,2,2,2,0,9777,10140,9360,9833,9153,9116,2000,1000,1000,0,500,500,0,0
345,160000,-1,-1,2,-1,0,0,701,3442,2551,4217,1255,1554,3442,18,4217,0,1000,888,1,1
346,420000,-1,-1,-1,0,-1,-1,3581,16629,33433,28468,35669,23317,16647,33595,16000,36625,23317,23983,0,0
347,80000,2,2,2,2,2,2,41687,42719,43018,44013,45058,46068,2000,1300,2000,1900,1900,0,0,1
348,30000,1,2,2,2,2,2,11174,11989,12997,12491,13374,13017,1300,1500,0,1090,0,2000,0,1
349,20000,0,0,0,0,0,0,16622,18913,15868,16188,14891,3044,3015,5086,5000,3202,5000,694,0,0
350,280000,-2,-2,-2,-2,-2,-2,1525,7391,5234,3316,2970,3978,7430,5234,3316,2970,3978,3258,1,0
351,40000,0,0,0,0,0,0,28140,32343,39717,37263,35224,34111,5000,8017,7000,4000,5000,5000,0,1
352,10000,0,0,2,0,0,2,6798,8055,7803,8623,9527,9780,1500,0,1100,1000,504,0,1,1
353,360000,1,-2,-2,-2,-2,-2,0,0,0,0,0,0,0,0,0,0,0,0,0,1
354,230000,0,0,0,0,0,0,17957,18063,20755,23278,24083,25145,3000,3000,3000,4000,4000,3000,0,0
355,230000,-2,-2,-2,-2,-2,-2,986,3915,2233,1410,0,0,3939,2244,1421,0,0,236,0,0
356,120000,-1,-1,-1,-1,-1,-1,2494,1394,780,470,-170,180,2000,780,470,0,500,1335,0,0
357,510000,1,-1,0,0,0,0,0,14370,17023,9706,7271,9551,14370,3500,2500,1380,2380,3000,1,1
358,120000,0,0,0,0,0,0,118492,119637,102228,75558,47536,44749,6141,4474,2647,1367,1322,1500,0,0
359,30000,2,2,2,2,2,2,15780,15246,17838,17272,18131,17711,0,3141,0,1434,0,1581,0,1
360,50000,-1,-1,-1,-1,0,0,390,390,390,18015,17150,17102,390,390,18015,400,342,3334,0,0
361,120000,-1,-1,-1,-1,-1,-1,7877,11532,13695,2050,804,0,11532,13740,2050,804,0,0,0,0
362,500000,-1,-1,-1,-1,-1,-1,29178,26963,33166,48858,66050,43769,26963,33169,48858,66050,43769,37509,0,0
363,10000,0,0,0,0,-1,-1,2989,3454,2917,1473,390,1320,2000,1000,29,390,1320,0,1,1
364,300000,-1,-1,-1,-1,-1,-1,165,165,165,165,1759,1394,165,165,165,1759,1394,1790,1,0
365,30000,2,2,0,0,0,-2,30769,29559,29197,29488,0,0,0,1000,590,0,0,0,0,0
366,50000,-1,-1,-1,-1,-1,-1,1355,1355,1386,1442,3798,1599,1355,1386,1442,3798,1599,1694,1,0
367,450000,-2,-2,-2,-2,-2,-2,18659,388,481,29646,10163,10163,389,483,29707,10214,10214,10184,1,0
368,110000,0,0,2,2,0,0,9334,108868,96998,94480,90860,85529,100082,4200,0,3000,3140,4900,0,0
369,130000,0,0,0,0,0,0,88549,74624,76133,77648,79370,80071,2709,2750,2767,2961,2913,3000,1,0
370,450000,-1,-1,-1,-1,-1,-1,390,390,390,390,389,990,390,390,390,389,992,780,1,0
371,140000,-1,-1,2,0,0,-2,1600,5012,4739,4739,0,0,5012,0,0,0,0,2770,1,1
372,20000,3,2,2,3,3,3,1050,1050,1050,1050,1050,1050,0,0,0,0,0,0,1,1
373,360000,-1,0,0,0,-1,-1,64606,44466,40165,20733,12525,7482,5135,20856,103,12587,7518,6412,1,0
374,180000,0,0,0,0,0,0,172064,175287,119687,131725,134122,133961,8000,5018,21000,6000,6000,6000,1,0
375,210000,0,-1,-1,-1,-1,-1,7457,1512,8475,5499,2960,670,1512,8475,5499,2960,670,25594,0,0
376,20000,0,0,0,0,0,0,15932,16965,17993,18698,19075,20498,1605,1605,1310,687,1735,0,1,0
377,10000,1,2,2,2,0,0,5015,4789,6199,5951,6255,6401,0,1500,0,400,400,700,0,1
378,240000,0,0,0,0,0,0,22165,21292,16469,13737,9071,177268,7002,3002,5002,3009,177004,5452,1,1
379,180000,0,0,0,2,0,0,3060,1854,3238,2106,1510,1746,1000,2500,0,1000,500,930,1,0
380,90000,0,0,0,0,0,0,91240,92795,93557,47166,48406,49695,4895,4806,1547,3000,3000,1720,0,0
381,70000,-1,-1,-1,-1,-2,-1,1288,0,1999,0,0,842,0,1999,0,0,842,0,0,0
382,60000,1,-2,-2,-2,-2,-2,0,0,0,0,0,0,0,0,0,0,0,0,0,0
383,80000,0,0,0,2,2,2,34620,35759,40020,40766,39982,44621,2000,5200,1700,0,5500,0,0,0
384,500000,0,0,0,0,0,0,264961,237006,139311,128095,181304,219929,20078,30141,30000,60000,50000,30000,0,0
385,500000,0,0,0,0,0,0,76701,71680,67260,76145,74831,111826,2540,3334,15012,2822,40025,20067,0,0
386,500000,-1,-1,-1,-1,-1,-1,1453,961,159,720,3157,2336,961,159,720,3160,2336,1033,0,0
387,280000,-1,-1,0,0,0,-1,6564,1333,21064,19969,578,35152,1334,21003,428,12,35152,892,1,0
388,300000,0,0,0,0,0,0,108639,85818,90069,85008,83983,50257,4107,7346,65000,2500,2022,1800,0,0
389,280000,-2,-2,-2,-2,-2,-2,5819,14656,8971,5747,11927,40170,3683,9059,5787,11985,40370,8314,1,0
390,20000,0,0,0,0,0,0,4091,5316,6467,7500,7497,8170,1300,1400,1300,270,795,0,1,0
391,500000,-1,-1,-1,-1,-1,-1,103880,39356,301441,37945,104491,35234,39560,302961,38139,104673,35387,177258,0,0
392,120000,2,3,2,0,0,3,110162,107008,103800,106075,115747,113999,0,0,4000,11000,0,0,1,1
393,230000,-1,0,0,0,0,0,23216,25548,23769,17270,13903,1953,10014,1602,1017,332,9,3626,1,0
394,20000,1,2,2,0,0,0,19438,20528,19464,18604,18172,14444,1700,0,700,620,800,300,1,1
395,170000,-1,-1,0,-1,-1,-1,3362,64602,18070,910,9080,4839,64612,4000,910,9080,4839,5130,1,0
396,250000,0,0,0,0,0,0,255223,47070,48130,49625,51500,0,1600,1650,2100,3000,0,94825,0,1
397,170000,0,0,0,0,0,0,162110,156444,151504,151377,148530,149628,6000,6000,7000,6000,7000,6000,0,0
398,50000,0,0,0,0,0,0,20613,28018,22744,18484,16378,13352,10000,10000,1500,3000,2803,5000,1,0
399,170000,-1,-1,-1,-1,-1,-1,3732,3732,3732,3732,4239,3910,3732,3732,3732,4239,3910,4146,0,0
400,180000,-1,-1,-1,-1,-1,-1,11599,644,644,29944,644,264,644,644,29944,644,264,1024,1,0
401,50000,0,0,0,0,0,0,49120,50823,49844,20239,20241,19921,2504,1590,701,803,1000,671,1,0
402,210000,1,2,2,-1,-1,-2,3824,2045,0,322,150,546,0,0,322,150,546,0,0,1
403,200000,2,0,0,0,0,0,58118,205712,194265,139360,82750,0,150000,7673,5000,5000,0,0,1,0
404,90000,1,-2,-2,-1,0,0,0,0,0,873,873,0,0,0,873,0,0,0,0,0
405,160000,-2,-2,-2,-2,-2,-2,16060,1605,4200,2461,0,0,1605,4200,2461,0,0,230,0,0
406,390000,-2,-2,-2,-2,-2,-2,2703,1017,0,0,1560,4386,1017,0,0,1560,4386,12000,0,0
407,220000,0,0,0,0,0,0,237976,232993,229896,226036,222487,210628,8300,8500,8000,7900,7800,8000,1,0
408,360000,-2,-2,-2,-2,-2,-2,8840,4951,-17,1815,1035,460,4951,0,1832,1035,460,635,1,0
409,100000,1,2,0,0,0,0,48006,46561,46764,48298,49137,49576,0,2200,3000,2000,1800,2000,0,1
410,50000,1,3,2,0,0,0,21638,21008,20388,21092,21511,21964,0,0,1350,769,799,1000,0,1
411,80000,2,0,0,0,0,0,80586,77960,79804,75299,76933,78953,3000,3200,3000,3400,3300,3500,1,0
412,250000,2,-1,-1,-1,-1,0,1381,1381,7014,1581,36022,34011,1381,7014,1581,36022,10000,10961,0,1
413,200000,-1,2,-1,-1,-2,-2,4420,460,99165,0,0,0,0,99165,0,0,0,3090,1,0
414,130000,-2,-2,-2,-2,-2,-2,1016,0,0,0,402,0,0,0,0,402,0,2054,0,0
415,230000,-2,-2,-2,-2,-2,-2,50500,22771,2652,12097,30096,8961,22771,2652,12097,30096,8961,38591,1,0
416,50000,0,0,0,0,0,0,50933,50906,48560,49826,34318,19884,2400,2500,2608,700,3381,0,0,0
417,300000,-2,-2,-2,-2,-2,-2,15876,4347,0,2208,2475,7580,4347,0,2208,2475,7580,0,1,0
418,50000,0,0,0,0,0,0,12975,13982,15315,16019,16336,16678,1230,1563,1267,584,605,609,1,0
419,200000,0,0,0,0,0,0,120343,121198,123834,136629,139504,142269,4342,4593,14955,5143,5166,5349,0,0
420,50000,0,0,0,0,0,0,47555,47531,46604,47982,29667,30449,1932,2005,2383,1068,1266,1045,1,0
421,270000,-1,-1,-1,-1,-1,0,11489,8874,3567,1556,7952,10794,8874,3567,1556,7952,4000,2000,0,0
422,230000,1,2,0,0,-1,-1,46628,45253,10507,6742,4387,1670,0,1000,135,4387,1670,2798,0,0
423,20000,0,0,0,0,0,0,15781,20124,19423,20140,19991,20079,5000,2000,1500,1000,600,1000,0,1
424,80000,0,0,0,0,0,0,78009,78616,49662,48867,48278,46773,2420,2000,1656,1693,1767,1581,0,0
425,80000,2,2,2,2,0,0,81562,56352,29582,28852,29464,28688,11,3500,0,1033,1502,2002,1,1
426,160000,0,0,0,0,0,0,108179,110217,107420,111123,111795,114136,3866,3899,5489,4005,4145,4161,1,0
427,230000,0,0,-1,-1,0,0,12394,12105,2439,5185,9893,11567,2102,3000,6000,5000,2000,2000,0,0
428,360000,-1,-1,-1,-1,-2,-2,1968,459,2500,0,0,0,463,2500,0,0,0,0,0,0
429,80000,0,0,0,0,0,0,64330,65813,66282,67285,68309,71830,2934,2500,2500,2500,5000,3000,1,0
430,140000,0,-1,-1,-1,-1,-1,1756,2201,923,1751,573,873,2209,923,1751,573,873,984,0,0
431,20000,0,0,0,0,-2,-2,13243,11699,12372,0,-800,0,1500,5017,0,0,800,0,1,0
432,30000,0,0,2,0,0,2,22463,25362,24672,25317,26516,26133,3278,0,1233,1432,0,566,0,1
433,20000,0,-1,0,-1,-1,-1,6530,8389,10090,3450,13030,9507,8389,5000,3450,13030,9507,19794,1,0
434,200000,2,2,2,2,2,2,168289,172001,175281,177895,180078,184048,8000,7500,7000,6600,7000,7100,1,0
435,10000,2,2,2,0,0,2,6743,9060,8768,9465,10212,10198,2600,0,1000,900,300,0,1,1
436,30000,2,0,0,0,0,0,31548,30226,31237,13511,13781,14070,1665,1676,1223,493,511,514,0,0
437,90000,-1,0,0,2,2,2,11495,10764,11304,9601,10050,8304,1200,3000,0,2000,0,2000,0,1
438,160000,0,0,2,2,2,0,30633,37119,36263,43481,43515,49619,7000,0,7847,1026,7000,7968,0,1
439,20000,0,0,0,0,0,0,13542,14852,15571,16584,17067,34262,1543,1262,1275,758,638,1340,0,0
440,360000,-2,-2,-2,-2,-1,0,0,0,0,0,3189,177585,0,0,0,3189,177000,5000,1,0
441,200000,0,0,0,2,0,0,120515,117292,24612,19527,16471,13408,3030,4452,0,708,656,1000,0,0
442,590000,-2,-2,-2,-1,0,0,0,0,0,1387,2206,3014,0,0,1387,1000,1000,1000,0,1
443,70000,0,0,2,0,0,0,12924,14615,14692,14784,15175,16360,2600,1000,1000,1000,2000,2000,0,0
444,120000,-1,-1,-1,-1,-1,-1,396,396,396,2707,3247,396,396,396,2707,3247,396,595,0,0
445,130000,0,0,0,0,0,0,118410,87199,90782,94261,96694,98982,5001,5001,5000,4000,4000,10001,0,0
446,50000,0,0,0,-1,-1,-1,9527,9907,9660,880,990,780,2000,1092,880,990,780,0,1,0
447,300000,-2,-2,-2,-2,-2,-2,0,0,0,0,0,0,0,0,0,0,0,0,0,0
448,190000,0,0,0,0,0,0,76433,78472,80548,81778,83082,84811,3300,3331,3359,2663,2751,3000,0,0
449,100000,2,3,2,-1,3,2,1520,1349,959,1623,1470,930,0,0,1623,0,0,780,0,0
450,60000,0,0,0,0,0,0,50791,49748,49735,36840,30119,32446,1832,2500,2000,3000,3000,1200,0,0
451,170000,0,-1,0,0,-1,-1,1906,3970,3406,1703,495,6616,4000,2703,0,495,6616,495,0,0
452,500000,0,0,0,0,0,0,56422,110616,110340,122967,108834,70064,70010,30357,30000,20000,52183,20000,0,0
453,370000,0,0,0,0,0,0,377259,310284,278781,256794,156583,17909,15198,14177,15118,15020,10000,308000,1,0
454,330000,-1,-1,-1,-1,-1,-1,3437,7525,32096,1665,166,0,7565,32096,1665,166,0,16705,0,0
455,110000,-2,-2,-2,-2,-2,-2,0,576,0,0,0,0,576,0,0,0,0,0,0,0
456,30000,1,2,2,2,2,2,4743,5609,5371,5833,5594,6074,1090,0,552,0,573,0,1,1
457,20000,-1,-1,-1,-1,-1,-1,2946,0,390,390,390,390,0,390,390,390,390,780,0,0
458,100000,0,0,0,0,0,0,25945,21237,16723,15868,8275,5954,4021,3013,4031,3012,2006,3121,0,0
459,50000,0,0,0,0,0,0,40181,66569,19281,18679,12980,8592,1500,2400,5700,8000,3062,1000,1,1
460,160000,-1,-1,-1,0,-1,-1,960,3597,3633,2707,6087,4852,3597,3633,2702,6087,4852,9425,0,1
461,150000,0,0,0,0,0,0,112391,98583,95810,87216,88201,87483,5000,4000,4000,3290,3200,3215,0,0
462,80000,0,0,0,0,0,0,18229,27416,25253,5549,4549,4549,10000,2000,2000,0,0,3000,1,0
463,30000,2,2,2,2,2,2,14870,16327,16762,17182,17760,17327,2000,1000,1000,1000,0,1000,1,1
464,120000,0,0,0,0,0,0,21812,20874,21930,22165,20502,19030,1700,1700,1500,700,1000,1000,1,0
465,130000,0,0,0,0,0,0,32667,33822,34975,35943,36447,37259,2000,2000,1850,1400,1400,1400,0,0
466,180000,-1,-1,-1,-1,-1,-1,27959,13855,16277,0,28743,8210,13855,16277,0,28743,8210,14004,0,0
467,200000,-2,-2,-2,-2,0,0,0,0,-10542,148287,146948,148772,0,1685,326974,5200,5500,6000,0,0
468,50000,0,0,0,0,0,0,48169,48163,49302,16522,15175,16371,2400,2500,1318,700,1600,600,0,0
469,50000,2,2,2,0,0,0,24729,22719,18408,19330,19561,19815,1651,0,1573,804,675,738,0,0
470,160000,1,-1,-1,-2,-2,-1,0,14121,0,0,0,150,14121,0,0,0,150,790,0,0
471,80000,-1,-1,-1,0,0,0,28175,0,68227,68040,69840,69840,0,68227,2000,2000,0,0,1,0
472,70000,0,0,0,0,0,0,68969,67682,68448,69316,29083,28140,3200,3600,3075,1204,1200,1046,0,0
473,260000,0,0,0,0,0,0,81745,83371,85128,86910,88637,90682,2984,3100,3200,3172,3473,6994,0,0
474,140000,0,0,0,0,0,0,20110,17102,18862,19996,21214,21085,3000,3000,3000,3500,2000,2000,0,0
475,50000,0,0,0,0,0,0,51261,51493,50136,20287,20281,20027,2600,2000,730,800,900,750,0,0
476,200000,-1,-1,0,-1,0,0,1382,23942,18143,11770,22155,13235,23994,10112,11770,12155,3000,30075,0,0
477,60000,2,2,2,2,2,2,35932,35060,38176,38452,39423,38660,0,4000,1200,1900,0,2900,1,1
478,30000,0,0,0,0,0,0,29596,29625,29523,29494,29464,29891,1600,1500,1500,1500,2000,2301,1,0
479,210000,-1,-1,-1,-1,-1,-1,11790,2230,390,3470,390,2140,2230,390,3470,390,2140,780,0,0
480,310000,-1,0,0,0,0,0,47330,48947,49738,53602,40510,43742,4000,5000,5052,9950,5000,5000,1,0
481,60000,0,0,0,0,0,0,59449,58548,53054,47933,29254,29981,2300,2600,2000,1200,1200,1500,0,0
482,200000,0,0,0,2,0,0,44600,42954,44318,32010,33271,34297,3000,6032,0,3000,3000,3000,0,0
483,230000,-1,-1,-1,2,-1,-1,834,-150,517,53,603,10141,0,667,0,700,10200,5200,1,0
484,220000,1,-2,-2,-2,-2,-2,0,0,0,0,0,0,0,0,0,0,0,0,1,1
485,240000,-1,2,2,-1,-1,-2,5018,2300,0,2500,0,0,0,200,2500,0,0,0,0,1
486,50000,3,2,0,0,-2,-2,60458,54438,53605,0,0,0,0,1100,0,0,0,0,0,1
487,340000,0,0,0,0,0,0,342617,346067,350031,304706,250216,253526,12604,14000,11000,9000,10000,30000,1,1
488,160000,-2,-2,-2,-2,-2,-2,1902,14706,706,706,316,1096,14846,1096,706,316,1096,316,0,0
489,30000,0,0,0,0,0,0,4848,6524,6290,4440,4531,1300,3000,1108,1000,91,26,0,0,0
490,470000,0,0,0,2,0,0,42974,45277,54321,52932,46712,45537,3000,10000,0,6000,5000,10000,0,0
491,230000,0,0,0,0,0,0,208273,214423,214585,170063,176893,183699,10012,10000,10000,10000,10000,10000,1,0
492,130000,-1,-1,-1,-1,-1,-1,3920,3848,942,942,768,-174,4000,942,942,768,0,0,1,0
493,140000,-1,-1,-1,-1,-1,-1,291,291,291,291,291,441,291,291,291,291,441,291,1,0
494,20000,1,-2,-2,-2,-2,-2,0,0,0,0,0,0,0,0,0,0,0,0,0,0
495,20000,2,2,2,2,2,2,25274,25026,23073,22857,21143,21482,1700,0,1653,0,1940,0,1,0
496,50000,0,0,0,0,-1,-1,20995,21743,22300,4067,1290,0,3000,3007,1000,1290,0,0,1,0
497,150000,-2,-2,-2,-2,-2,-2,1194,2095,2154,2900,2512,3514,2101,2160,3046,2519,3625,0,0,0
498,80000,0,0,0,0,0,0,17220,14844,12718,8808,7952,7925,1400,1600,1088,245,636,0,0,0
499,220000,-1,-1,-2,-2,-2,-2,3467,3327,839,-3,1856,1528,3340,840,3,1859,2134,1648,0,0
500,150000,-1,2,-1,-1,-1,-1,1280,390,390,780,1746,0,0,390,780,1746,0,0,1,0
501,230000,1,2,0,0,2,0,20887,18705,17295,18335,9320,1858,0,1200,3000,0,254,1637,0,0
502,10000,3,2,0,0,0,-2,10281,9949,8838,8838,0,0,25,4000,0,1000,0,0,1,0
503,50000,2,3,2,0,0,0,64760,60747,54902,54280,18595,18838,2000,0,1200,15000,2000,1000,0,0
504,210000,-2,-2,-2,-2,-2,-2,198724,200500,0,0,0,0,4500,0,0,0,0,0,1,0
505,260000,0,0,0,0,0,0,235073,235704,198181,143561,110982,72514,30000,10087,6030,5001,10002,148,0,0
506,160000,1,-1,-1,0,0,-1,-113,18887,2323,9032,5630,9141,19000,3000,9000,0,9596,10284,1,0
507,200000,-1,-1,-2,-2,-2,-1,9759,-241,-241,-241,-241,7817,0,0,0,0,8058,0,1,1
508,50000,-2,-2,-2,-2,-2,-2,588,592,390,390,280,720,592,390,390,280,913,390,0,0
509,20000,1,2,0,0,0,2,16174,15617,16646,17648,18819,17992,0,1285,1287,1458,0,644,0,1
510,310000,0,0,2,0,0,0,47224,51442,51531,51375,29069,29895,4900,1500,1000,1200,1200,1200,1,0
511,20000,0,0,0,2,0,0,5411,6279,8163,8874,9722,12386,1116,2000,1000,1000,3000,0,0,0
512,160000,0,0,0,0,-2,-2,275241,280903,272419,0,0,0,8365,9368,0,0,0,0,1,0
513,20000,2,2,2,-1,0,-1,3254,2522,0,780,390,390,2000,0,780,0,390,1680,1,1
514,320000,2,2,2,2,2,2,58267,59246,60184,58622,62307,63526,2500,2500,0,4800,2400,1600,1,1
515,70000,0,0,0,0,0,-2,60719,61607,68091,69028,-61372,79256,2500,7500,3182,25200,102000,12152,1,0
516,350000,1,2,0,0,2,0,334427,322808,254410,11423,8415,10230,332,81256,8441,6,8013,1006,1,1
517,240000,0,0,0,0,0,0,184501,177846,167934,169133,175175,146093,7627,6003,5504,10158,6000,6012,0,0
518,240000,-2,-2,-1,2,0,0,4400,0,1129,1129,1971,2059,0,1129,0,1000,496,1000,0,1
519,360000,1,-2,-2,-2,-2,-2,0,0,0,0,0,0,0,0,0,0,0,0,1,0
520,240000,2,3,3,2,2,2,213732,217347,217329,211132,219202,223434,8500,5000,0,16000,8000,0,1,1
521,220000,0,0,0,0,0,0,153880,143020,117567,153069,153045,144529,6300,4500,37486,6000,5200,5002,1,0
522,80000,0,0,0,2,2,0,36736,38079,40805,35740,32684,32605,1955,3681,1300,0,1500,1200,0,0
523,30000,2,0,0,0,0,2,18557,19643,20721,21867,24291,23766,1700,1700,1800,3100,0,565,1,1
524,420000,2,2,0,0,2,0,239293,90568,88997,93971,92203,93059,0,3500,6600,0,4000,3000,1,1
525,170000,-2,-2,-2,-2,-2,-2,0,0,0,0,0,330,0,0,0,0,330,1290,0,1
526,110000,0,0,2,2,0,0,106658,111694,112131,108106,109798,107372,10800,3808,0,4000,5000,5000,0,0
527,220000,-1,0,-1,-1,-1,-2,30038,22411,7141,3070,2609,10273,1089,7161,4072,2613,10322,511,0,0
528,50000,0,0,0,0,0,0,50465,51092,56266,39545,19856,19765,4000,3032,1668,1500,1805,23000,0,1
529,400000,-1,-1,-1,-1,-1,-1,30018,19735,26181,134967,52991,163837,19753,26245,135000,53000,163837,37345,0,0
530,327680,0,0,0,0,0,0,344011,336175,333048,277250,256365,243600,11219,11461,9100,8345,7783,9200,1,1
531,200000,-1,-1,-1,-1,-2,-2,390,0,780,0,0,0,0,780,0,0,0,0,0,0
532,210000,1,-2,-1,-1,-2,-1,-28,-28,3330,0,0,300,0,3358,0,0,300,0,0,0
533,30000,0,0,0,0,0,0,23237,23874,26985,29497,29290,28693,10000,5000,3000,2000,3150,0,0,0
534,230000,0,0,0,0,0,-2,32915,21726,12299,5860,0,0,4794,3116,5029,0,0,0,0,0
535,300000,2,2,2,2,-2,-2,2500,2500,2500,0,0,0,0,0,0,0,0,0,0,1
536,140000,0,0,0,0,0,2,59097,59655,60992,62253,69594,68262,2137,2300,2278,9300,0,3000,0,0
537,210000,-2,-2,-2,-2,-2,-2,3577,1003,0,0,0,0,1003,0,0,0,0,150,0,0
538,290000,0,0,0,0,0,0,10370,5681,7124,8038,4029,6059,1400,1507,2580,2050,2030,0,0,0
539,290000,2,2,0,0,0,2,270131,213484,197238,202680,133478,131024,0,9000,10500,17000,0,3500,1,1
540,200000,0,0,0,0,0,0,154000,155392,76667,151434,49407,51636,5000,5000,88300,5000,3000,2000,1,1
541,140000,0,0,0,0,-1,-1,123460,85778,89255,82800,16800,5367,5000,5000,4132,16800,5367,2000,0,0
542,50000,0,0,0,0,0,0,48219,48978,49257,19641,20053,19613,2037,2316,690,715,718,690,1,0
543,180000,1,-1,-1,-1,-1,-1,0,2602,498,498,1835,11337,2602,498,498,1835,10000,380,0,1
544,110000,-1,-1,-1,-1,0,-1,3261,1380,1380,2760,1380,1700,1380,1380,2760,0,1700,0,0,0
545,140000,0,0,0,0,2,2,39716,40799,41853,44452,45433,46383,1600,1600,3169,1700,1700,1495,1,0
546,40000,0,0,0,2,0,0,37539,38132,41217,40255,39135,37235,2000,4000,0,1700,3000,0,0,1
547,200000,0,0,0,0,0,0,83000,62084,64610,60567,52122,50610,2500,5000,2509,2000,2000,2000,0,0
548,130000,1,-2,-2,-2,-2,-2,0,0,0,0,0,0,0,0,0,0,0,0,1,0
549,30000,1,-1,-1,-2,-2,-2,-100,100,0,0,0,0,200,0,0,0,0,0,0,0
550,160000,-2,-2,-2,-2,-2,-1,-1,-1,-1,-1,-1,600,0,0,0,0,601,0,1,1
551,50000,0,0,0,0,0,0,33094,47035,44384,45267,46215,47949,17012,2300,1618,1675,2500,2139,1,0
552,450000,-2,-2,-2,-2,-2,-2,324,302,5018,317,1614,324,303,5041,1,1622,325,316,1,0
553,350000,0,-1,-1,-1,-1,-1,110472,100849,5800,369718,2000,5910,100957,5800,371718,2180,5910,6000,0,0
554,260000,-2,-2,-2,-2,-2,-2,0,0,0,0,0,0,0,0,0,0,0,0,0,1
555,280000,0,0,0,0,0,0,213581,197238,193638,161264,148863,155006,9000,10000,8000,5500,8500,5500,0,0
556,210000,0,0,0,0,0,0,190693,169931,173389,154440,155592,116249,7000,7000,10005,6193,4231,5000,0,0
557,500000,-2,-2,-2,-2,-2,-2,3634,296,966,6675,-10,2055,299,1169,6708,0,2065,1133,0,0
558,150000,1,-1,-1,-1,-1,-1,-122,16711,8004,521,3776,165,16924,8004,521,3776,165,356,0,0
559,20000,0,0,0,0,0,0,2799,2164,1854,3296,3435,4435,2005,1200,1500,300,1000,95,1,0
560,360000,0,0,0,0,0,0,93029,94054,91834,95631,100123,100738,10000,7000,10000,10000,10000,10000,0,0
561,50000,0,0,-1,0,0,0,48592,38491,900,1900,2900,3000,1063,900,1000,1000,100,0,0,1
562,270000,0,0,0,0,0,0,134235,62483,62134,61797,57312,57582,6000,2500,3000,7475,3000,2500,0,0
563,90000,0,0,0,-2,-2,-2,74814,71859,0,0,0,0,5000,0,0,0,0,0,0,0
564,50000,5,4,3,2,0,0,20235,19635,19045,18300,17900,17900,0,0,0,0,0,0,0,1
565,130000,0,0,0,0,0,0,10071,50961,44362,43359,39010,36546,46034,1800,1659,1200,1150,1158,0,0
566,50000,0,0,-2,-2,-1,0,51400,0,0,0,50108,50765,0,0,0,50108,2363,390,1,0
567,150000,0,0,2,0,0,0,147350,154848,151591,151549,146417,137835,11150,0,4845,8046,9200,5100,0,0
568,180000,0,0,0,0,0,-1,55193,48257,42128,39654,42954,22543,5000,6000,10000,15000,23000,5445,0,0
569,170000,0,0,0,0,-2,-2,52262,36518,20533,-919,-919,-919,1985,1000,16000,16000,16000,24288,0,0
570,80000,0,0,0,0,-1,0,76817,74554,43727,16307,1755,470,3000,1400,326,1755,0,39080,1,0
571,170000,0,0,0,0,0,0,85780,80568,79823,79335,79506,80252,2906,3002,3000,3000,3500,3000,0,0
572,130000,0,0,0,0,-2,-2,98874,99363,101618,-32,-32,-32,5000,5000,3000,0,0,1000,0,0
573,70000,1,2,0,0,0,0,72576,70775,68184,67172,50596,48876,0,3047,2849,1800,2000,1944,1,1
574,180000,-1,-1,-2,-2,-2,-2,491,0,0,0,0,0,0,0,0,0,0,3738,0,0
575,180000,0,0,0,0,0,0,102646,82849,78064,73437,108072,49206,5006,5000,5005,42500,3000,2000,0,0
576,360000,-2,-2,-2,-2,-2,-2,316,736,2178,316,1812,1510,736,2178,316,1812,1510,485,1,1
577,30000,0,0,0,0,0,0,38866,29432,33364,30149,27028,29261,2000,4501,2396,4000,3076,1068,0,1
578,50000,0,0,-2,-2,-1,0,4468,0,0,0,3251,3484,0,0,0,3251,274,500,0,0
579,170000,-1,-1,-1,-1,-1,-1,316,316,316,316,316,316,316,316,316,316,316,316,1,0
580,110000,0,0,0,0,0,0,93039,81169,82800,107986,99627,80610,4500,4100,67606,4100,3100,2861,0,0
581,290000,0,0,0,-1,-1,0,20807,99860,100000,3015,23473,1448,80000,3000,3015,23473,1148,4900,0,0
582,500000,-1,-1,-2,-1,0,0,51,-8,-8,10362,21905,23717,0,0,10370,15000,10000,4311,0,1
583,200000,-2,-2,-2,-2,-2,-2,23570,735,0,0,0,0,742,0,0,0,0,0,0,1
584,70000,0,0,0,0,0,0,70480,66646,69641,46458,50679,50061,3237,4938,1693,5000,2200,1718,1,0
585,500000,0,0,0,0,0,0,144774,130097,134810,145182,141062,135358,20053,19000,15000,10040,15000,20000,0,0
586,400000,0,0,-2,-2,-1,0,36560,0,0,0,1757,21667,0,0,0,1757,20000,10158,1,0
587,30000,0,0,0,0,0,2,28289,29537,29378,22692,24169,23782,2013,1440,800,1800,108,1130,0,0
588,140000,-2,-2,-2,-2,-2,-2,1825,0,1264,0,0,1980,0,1264,0,0,1980,1351,0,0
589,130000,2,2,-1,0,0,-2,1176,0,41,1062,-201,-201,0,41,1021,0,0,0,0,1
590,60000,0,0,0,0,0,0,47757,26340,16532,15782,17782,9450,1468,2000,0,2000,0,0,1,0
591,180000,-1,-1,-1,-1,0,0,14480,33915,5198,13263,6817,4188,34045,5217,13263,6000,1000,4085,1,0
592,30000,1,2,2,0,0,2,22595,24928,24230,26811,28702,28092,3000,0,3000,2327,0,1200,1,1
593,310000,0,0,0,0,0,0,122127,110388,119365,113435,140988,145161,10000,10124,20000,30125,30137,20171,0,0
594,360000,-2,-2,-2,-2,-2,-2,1715,3662,12595,223,222,490,3680,12657,224,223,492,494,0,0
595,30000,0,0,0,2,0,0,25530,26600,29765,28933,29205,29630,1500,3600,0,978,2300,0,0,0
596,50000,0,0,0,0,0,0,40710,42736,43751,44619,45900,46845,3000,1729,1597,2000,1709,1665,1,0
597,50000,0,0,0,0,0,0,48991,43412,33995,29759,29766,29665,2000,1500,1050,1100,1100,1200,0,0
598,140000,-1,0,0,0,0,2,13159,39243,41831,45893,10186,4887,30000,7000,8000,5000,0,9579,0,0
599,20000,0,0,0,0,0,0,14681,14777,15025,16504,17950,19558,1562,1200,2000,2000,2000,3000,1,0
600,110000,0,0,0,2,0,0,56327,57106,58489,57800,57312,57188,2700,3300,2044,2100,2000,2266,1,0
601,50000,0,0,0,0,0,0,41940,41811,35920,19987,18971,18654,1748,1253,2504,1004,1509,4495,0,1
602,50000,0,0,0,0,2,0,28864,30090,31282,33350,32682,33385,2000,2000,2900,0,1400,1600,1,0
603,50000,1,2,2,2,2,2,43244,42276,45235,45816,44970,47649,0,4000,1600,0,3400,0,0,1
604,70000,2,2,2,2,2,2,24799,24102,26305,27570,28021,27436,0,2600,2000,1200,0,1500,0,0
605,50000,3,2,0,0,0,0,50437,49317,42052,22679,19099,19648,0,2000,1500,1000,1000,1000,0,0
606,110000,-1,-1,-1,-1,0,0,1362,1352,1867,36986,40053,41196,1352,1867,36986,5000,3000,23000,0,0
607,260000,0,0,0,0,0,0,156882,160246,159988,158114,158762,159108,10000,8000,6000,7000,7000,6000,0,0
608,220000,-1,2,-1,-1,0,0,528,264,264,292,528,264,0,264,292,500,0,264,1,0
609,130000,0,0,0,0,0,0,127524,127839,128380,97713,96245,95779,5051,5101,3600,3501,3800,3412,0,0
610,80000,0,0,0,0,0,0,71375,18353,94675,90470,85449,80309,1414,83402,4000,3058,2903,2626,1,0
611,130000,0,0,2,0,0,0,9559,12394,11883,9826,10167,12685,3000,0,500,500,2700,500,0,1
612,360000,-1,-1,-1,-1,-1,-1,885,10553,1943,2640,1741,4120,10553,2000,2700,2000,4120,4118,0,0
613,180000,0,0,0,0,0,0,96709,99673,100951,104625,106498,115632,4485,3682,5253,5000,11000,10000,1,0
614,70000,0,-1,0,0,0,-1,7033,1602,28199,28980,29795,27091,1954,28000,1250,1496,29251,1000,0,1
615,180000,1,-2,-2,-2,-2,-2,0,0,0,0,0,0,0,0,0,0,0,0,1,1
616,50000,0,0,0,0,0,-1,41124,38634,75580,17014,-1963,7671,1750,3016,1000,0,10400,5000,0,0
617,70000,0,0,-1,-1,-2,-2,62737,40745,1880,0,0,0,4030,2500,0,0,0,0,1,0
618,100000,2,0,0,0,0,0,43611,45415,47053,47747,48459,49560,2500,2400,1845,2400,2500,0,1,1
619,80000,0,0,0,0,0,0,70163,72984,74807,76363,78091,79829,4000,3000,2800,3000,3000,3000,0,0
620,360000,1,-2,-2,-1,2,2,0,0,0,2500,2500,0,0,0,2500,0,0,0,1,1
621,150000,-1,-1,-2,-2,-2,-2,675,0,0,0,0,0,0,0,0,0,0,0,0,0
622,30000,2,2,0,0,0,0,36328,35291,36775,36914,33305,33688,0,2206,1500,2000,6000,6000,0,0
623,320000,0,0,0,0,0,-1,146201,129311,112151,84218,76058,24068,5465,3137,52,2384,25094,30011,1,0
624,270000,0,0,0,0,0,0,131310,123737,115927,106350,98365,89909,6000,5700,3800,3700,3300,3100,0,0
625,90000,0,0,0,0,0,0,9124,10220,12044,27847,8251,26501,10000,10016,25000,8000,26000,12000,0,0
626,130000,0,0,0,0,0,0,32215,33690,34859,34051,32827,16702,2000,2000,2000,1000,2000,7131,0,0
627,60000,0,0,0,0,0,0,58584,59250,52413,44436,28098,26749,2700,2219,1727,1120,1500,1100,0,0
628,10000,0,0,0,-1,-1,-2,8660,9756,8560,780,0,0,1800,1300,800,0,1900,0,0,1
629,50000,1,-1,0,0,0,0,-1159,40819,11143,9580,9793,8768,48000,3009,1000,321,2000,1000,0,0
630,30000,0,0,0,0,0,0,31319,31181,31540,31016,30531,30528,1564,1800,1100,1500,1500,3000,0,0
631,100000,0,0,0,0,0,0,152330,66107,60734,48816,28679,30231,3000,2231,1617,1000,2000,590,0,0
632,30000,-1,-1,-1,-1,-1,0,784,390,7480,0,1803,1023,390,7480,0,1803,0,0,0,0
633,200000,6,5,4,3,2,2,110185,107665,104686,102549,101400,0,0,0,0,0,0,0,0,0
634,50000,2,2,2,2,2,2,40247,40189,43434,44316,45189,46214,900,3900,1900,1900,1900,3600,0,0
635,30000,0,0,-2,-1,-1,-2,12800,0,0,90,-40,-3000,0,0,90,0,0,10400,1,0
636,50000,0,0,0,0,0,0,46363,47356,48905,49794,8820,9000,1762,2311,2200,176,180,9769,0,0
637,30000,0,0,0,0,0,0,28234,28874,29437,27738,27268,27409,1484,1436,1120,995,989,800,0,0
638,140000,-1,-1,-1,-1,-1,-1,850,12340,14910,44967,11669,5169,12340,14910,44967,11669,5169,17953,0,0
639,80000,1,2,0,0,0,0,57004,55220,43506,39025,40017,29797,0,1900,1418,1800,1300,1000,0,0
640,310000,0,0,0,0,0,0,124617,126982,125072,126416,132772,137519,6015,5006,5006,10004,8007,5017,1,0
641,300000,-1,-1,0,0,-1,-1,1946,2612,3408,1908,1108,530,2612,1914,0,1108,530,100,0,1
642,260000,-2,-2,-2,-2,-2,-2,5237,0,0,0,3982,0,0,0,0,3982,0,0,0,0
643,50000,0,0,0,0,0,0,13200,12930,12684,12050,11005,9952,1506,1521,1148,364,355,390,1,0
644,70000,0,0,0,0,0,0,3878,4957,6209,6338,6587,6828,1300,1500,380,500,500,800,0,0
645,220000,-1,-1,-1,-1,-1,-1,18477,16341,11125,10000,10000,10000,16370,11125,10000,10000,10000,301,0,0
646,320000,0,0,0,0,0,0,91224,93025,99433,107659,110567,99935,10000,10000,10000,10000,5000,5000,0,0
647,50000,0,0,0,-1,0,0,45840,47595,28491,3642,12291,16674,8000,8080,15012,10000,8000,2000,1,0
648,160000,1,-2,-2,-2,-2,-2,0,0,0,0,0,0,0,0,0,0,0,0,0,0
649,300000,-1,-1,-1,-1,-1,-1,291,291,291,291,291,291,291,291,291,291,291,291,0,0
650,210000,0,0,0,0,0,0,73329,74261,75602,76062,76287,76971,2700,3500,3300,3000,3000,3000,0,0
651,410000,-2,-2,-2,-2,-2,-2,4339,1695,17106,9600,2052,3829,1815,17106,9600,2052,3829,3400,1,0
652,360000,-2,-2,-2,-2,-2,-2,0,0,0,0,0,0,0,0,0,0,0,0,0,0
653,50000,0,-1,0,0,0,0,48973,50601,49805,27605,29447,30045,91000,1200,600,29057,1076,1300,1,0
654,100000,0,0,0,0,0,0,72703,74147,76305,77855,78961,80452,2653,3352,3413,3000,2919,2944,1,0
655,30000,2,0,0,0,0,0,26155,27196,28445,26766,27152,28355,1482,1731,1742,1128,1800,1200,0,1
656,120000,0,0,0,0,0,0,3706,101833,103108,100953,83739,51424,100000,5369,4014,1000,1000,1000,0,0
657,300000,1,-2,-2,-2,-2,-2,0,0,0,0,0,0,0,0,0,0,0,0,0,0
658,280000,-1,-1,-1,-1,0,0,4468,11517,1973,11028,14261,17097,11525,2149,11030,4008,7106,1193,1,0
659,380000,0,0,0,0,0,0,452092,442041,446224,419943,420016,426622,17400,16672,14088,14500,14700,14671,0,0
660,200000,0,0,0,0,0,0,195380,199642,188169,191549,195163,194101,7632,6839,6518,6356,6441,6763,0,0
661,320000,1,-2,-2,-2,-2,-2,0,0,0,0,0,0,0,0,0,0,0,0,0,1
662,310000,-2,-2,-2,-2,-2,-2,2647,4206,1858,3057,2538,3069,4206,1858,3057,2538,3069,6591,1,1
663,330000,0,0,0,0,0,0,18516,24202,32912,36710,40442,42283,10000,10000,5000,5000,5000,5000,0,0
664,50000,0,0,0,0,0,0,39859,38781,26823,26799,26536,27093,1501,2003,1420,937,972,1007,0,0
665,10000,2,2,0,0,2,0,9013,8714,9121,9926,8898,7667,0,1200,1500,0,1000,3000,1,1
666,80000,0,0,0,0,0,0,44302,45311,46321,47259,48230,49351,1192,1202,1135,1165,1326,2204,1,0
667,480000,0,0,0,0,0,0,398380,394515,393648,330221,296004,279768,20091,25370,15203,12013,12013,10135,1,0
668,170000,-1,-1,-1,-1,-1,-1,7950,6691,7332,2716,4200,7708,6691,7332,2716,4200,7708,12897,1,0
669,50000,2,2,0,0,-1,0,60679,54947,54425,48313,19399,19804,0,4500,1200,71941,619,563,0,1
670,50000,0,0,-2,-2,-2,-2,2416,0,0,0,0,0,0,0,0,0,0,0,0,0
671,230000,-2,-2,-2,-2,-2,-2,7904,860,-3,-3,-3,-3,864,0,0,0,0,0,1,0
672,300000,1,-2,-2,-2,-2,-2,0,0,0,0,0,0,0,0,0,0,0,0,1,1
673,80000,0,0,0,0,0,0,78129,28202,78553,49340,48919,48443,2500,51432,1800,1800,1800,1700,1,0
674,80000,0,0,0,0,0,2,79393,77400,78453,48027,52378,49750,3400,3000,5027,8500,0,4000,0,0
675,300000,-1,-1,-1,-1,-1,-1,649,949,1938,81,671,8067,949,1938,81,671,8067,1513,1,0
676,130000,0,0,-1,-1,-1,-1,7547,3773,4329,8638,2279,-1,1011,4345,9261,2285,0,338,0,0
677,150000,0,0,0,0,0,0,8902,9231,9124,9356,8572,9541,1200,1300,1000,1572,1000,1000,0,0
678,230000,0,0,0,0,0,0,246764,239685,135520,102518,129195,101717,8316,10084,5091,70063,4037,5122,1,0
679,120000,-1,-1,-1,-2,-1,-1,2382,884,0,0,10446,0,884,0,0,10446,0,0,1,0
680,180000,-1,-1,-1,-1,-1,-1,326,326,10726,24104,326,326,326,10726,24104,326,326,326,1,0
681,30000,2,0,0,0,0,-1,23559,23381,540,150,-30,170,1000,500,0,600,200,5183,1,0
682,80000,0,0,0,0,0,-1,20255,18885,21529,29236,10662,2408,6000,5002,10662,2,2408,11662,0,0
683,40000,-1,-1,-1,0,0,-1,1216,776,4059,13522,16416,807,776,4385,10000,5000,807,657,0,0
684,200000,-1,-1,-1,-1,-1,-1,8926,700,610,5130,12050,4970,700,610,5130,12050,4970,8888,0,0
685,400000,-2,-2,-2,-2,-2,-2,8948,10306,22263,20511,27808,8342,10306,22263,20568,27808,8342,14187,0,0
686,220000,-2,-2,-2,-2,-2,-2,8757,-2323,-3322,-3322,-3622,-2852,9,23000,0,0,3000,0,1,0
687,260000,0,0,0,0,0,0,259346,234428,176632,129022,131447,135699,9428,6729,5022,4447,5699,5498,0,1
688,130000,0,0,0,0,0,0,129150,105529,107691,108418,115638,117958,5300,5400,4000,9000,4400,4500,0,0
689,60000,0,0,0,0,0,0,21148,23803,24908,26034,26655,27756,3000,1500,1500,1000,1500,1500,0,0
690,80000,0,0,0,0,0,0,46401,39456,30712,29629,28241,28030,1560,1421,1001,1000,1008,964,0,0
691,70000,-1,-1,2,0,0,0,24336,25510,24726,25377,24818,14978,3010,0,875,600,1000,600,0,0
692,200000,-2,-2,-2,-2,-2,-2,1261,1261,1261,1261,1261,1256,1261,1261,1261,1261,1256,1880,0,0
693,10000,0,0,0,0,0,0,1474,2641,3745,4642,5642,6342,1196,1300,1000,1000,700,1208,1,0
694,50000,0,0,0,0,0,0,13517,14536,15694,16431,17056,17581,1550,1700,1300,900,800,800,0,0
695,180000,-1,-1,-1,-1,-1,-2,360,2240,6071,1554,0,0,2240,6071,1554,0,0,0,0,1
696,20000,0,0,2,2,2,2,7712,14042,14371,17963,17185,16638,6742,1100,4100,6,2000,0,0,0
697,230000,0,0,0,0,0,0,137122,138268,127797,130490,110153,112253,6700,6500,6513,4601,5000,5000,1,0
698,80000,0,0,2,2,2,0,73839,78934,76649,81845,80021,82334,6700,0,7500,0,4200,3000,1,1
699,110000,1,2,2,3,2,2,83796,86713,93436,91075,88714,94316,5200,9000,0,0,7062,3424,1,0
700,140000,-1,-1,-1,-1,-2,-2,8483,9526,33788,-18,-18,-18,9532,33788,0,0,0,0,0,0
701,310000,-2,-2,-2,-2,-2,-2,3268,206,589,1594,28252,15081,206,589,1594,28252,18381,4100,0,0
702,370000,-2,-1,0,0,0,0,0,229818,234379,239082,244124,243986,229818,8409,8500,8800,8800,14100,0,0
703,30000,1,2,2,0,0,2,24457,25474,26241,25388,26377,27794,1716,1500,911,1400,2000,0,0,1
704,50000,0,0,0,0,0,0,51044,50231,46677,44982,21399,20859,2500,3008,1000,761,800,704,0,0
705,70000,3,2,2,2,0,0,69852,67531,28650,27590,27850,28085,0,2708,0,1010,1013,2000,0,1
706,280000,-2,-2,-2,-2,-2,-2,2419,10499,16243,0,0,0,10517,16494,0,0,0,0,0,0
707,20000,0,0,0,0,0,0,11242,11070,11788,9607,9191,0,1282,1000,192,184,0,0,1,0
708,240000,0,0,0,0,0,0,173677,176304,355496,176402,174440,172806,8000,9500,12448,6155,6453,6390,0,1
709,180000,-1,-1,-1,-1,-1,-2,8366,16912,9199,4745,0,0,16912,9211,4758,0,0,2771,0,1
710,140000,0,0,0,0,0,0,126546,124926,111220,75706,69278,58589,4922,3910,4604,4000,3000,4000,0,0
711,150000,1,-2,-1,2,2,2,1589,1335,9447,4887,11181,6692,1339,9460,0,6702,16,8242,0,0
712,100000,2,2,2,3,3,2,82781,85536,90018,91151,89429,91185,5000,6800,3500,0,3400,3500,1,0
713,100000,-2,-2,-2,-2,-2,-2,3166,6896,416,416,416,412,6896,416,416,416,412,1223,0,0
714,230000,0,0,0,0,0,0,160560,158782,150844,151623,148261,153161,10012,10010,10000,7000,10000,10000,0,0
715,200000,1,-1,-1,-1,-2,-2,0,2300,15093,0,0,0,2300,15093,0,0,0,0,0,0
716,50000,0,0,0,0,0,0,50801,50143,49586,19430,19375,18995,2360,1700,1000,900,870,2130,1,0
717,30000,0,0,0,0,2,2,23705,24709,25745,27949,27216,29138,1386,1422,2626,0,2351,1033,0,0
718,90000,-1,0,0,-1,-1,-1,5488,2380,0,1700,1700,0,1000,0,1700,1700,0,1664,0,0
719,190000,2,2,2,2,0,0,90128,92367,94227,91943,93546,95759,4500,4100,0,3500,3600,3500,0,1
720,50000,0,0,0,0,0,0,21514,22563,23585,23894,24549,24990,1700,1700,1000,1039,1000,1000,0,0
721,400000,0,0,0,0,0,0,5074,4097,7716,12538,17305,22499,1097,3716,5000,5000,5668,7000,0,0
722,180000,-2,-2,-2,-2,-2,-1,4358,3160,2611,8710,5127,8758,3169,2618,8736,5142,8766,15040,1,0
723,140000,-1,2,-1,-1,-1,-1,1953,1366,464,337,548,395,0,464,337,548,395,681,0,1
724,180000,-1,-1,-1,-1,-1,-1,440,30404,0,880,150,430,30404,0,880,150,430,747,1,0
725,300000,1,2,2,2,2,2,158230,160242,156171,165556,169250,172804,6000,0,12000,6500,6500,6500,1,1
726,20000,0,0,0,0,0,0,19185,18621,19605,19717,19203,19871,1323,1307,691,705,995,722,0,0
727,300000,0,0,0,0,0,0,50281,51441,54107,55111,56688,58272,2000,3500,3000,2500,2500,2500,1,0
728,290000,0,0,0,0,0,0,281967,288456,296084,218399,200461,204637,10492,12447,8973,6761,6983,5980,1,0
729,500000,-1,-1,-1,-1,-1,0,22204,83528,-24702,23804,92715,6655,83643,472,113935,108041,33,3984,1,0
730,350000,-2,-2,-2,-2,-2,-2,-331,1656,1440,27000,872,12600,2155,1440,27000,872,12600,0,1,0
731,200000,0,0,0,0,0,0,84064,85935,55548,134719,152290,152470,5935,5548,84719,23050,7470,5624,0,0
732,30000,-2,-1,-1,-1,0,0,2700,899,-1581,28419,29016,30908,899,0,30000,1055,2376,0,1,0
733,290000,-1,-1,-1,-1,-1,-1,3613,14708,7209,14912,45473,15095,14718,7420,15118,45473,15095,8908,0,0
734,130000,-1,-1,-1,-1,-1,-1,5002,2437,2448,5457,3855,4684,2437,2774,5457,3855,4684,843,0,0
735,450000,0,0,0,0,0,0,201015,177028,136434,126121,115050,105901,10000,6000,5087,5000,5000,5000,1,0
736,50000,0,0,2,3,2,2,15068,18303,20107,19496,18885,20581,3500,2400,0,0,2000,0,1,1
737,290000,-1,-1,-1,-1,-1,-1,413,486,820,60,1773,3904,486,820,60,1773,3904,0,0,1
738,110000,0,0,0,2,0,0,107336,107195,109443,106637,106665,92417,5320,7845,4000,4000,3500,9500,0,0
739,150000,2,2,2,0,0,0,179441,169947,153522,150779,49198,50277,7333,4,4104,15000,2000,2200,0,1
740,20000,2,3,2,2,2,2,12764,12267,13266,12756,13801,13439,0,1500,0,1259,0,1200,0,1
741,270000,0,0,0,0,0,0,110593,102486,94362,86861,78538,70158,4500,3500,4000,3000,3000,2200,0,0
742,170000,-1,-1,-1,0,0,0,414,-1020,25607,23922,24399,24919,0,27107,1500,863,903,3000,0,1
743,10000,0,0,2,0,0,0,6967,9199,8908,9676,9680,8343,2523,0,1000,4,167,3535,0,1
744,100000,-1,-1,-1,0,-1,-1,2494,1999,6632,6150,10122,2689,2005,6633,18,10152,2697,3607,1,0
745,50000,2,2,2,2,2,2,19178,20088,19499,21578,20940,22605,1500,0,2385,0,2000,0,0,1
746,180000,0,0,0,0,0,0,23398,14445,15404,19885,22355,22902,1541,1500,4911,10355,10902,3500,0,0
747,50000,1,2,0,0,0,0,52198,50062,50284,50740,30175,30407,0,2310,1766,1201,1232,1199,1,0
748,230000,0,0,0,0,0,0,84821,87055,87601,89762,92735,95768,4293,4162,5000,5000,5000,5000,0,0
749,70000,0,0,0,0,0,-1,6017,8798,3810,2790,0,4513,3000,1500,0,0,4513,0,0,0
750,120000,0,0,0,0,0,0,119796,117229,239224,91231,90184,90072,4700,5590,4000,3600,3700,32696,0,0
751,60000,0,0,2,2,2,0,56918,61210,52757,29209,26403,26969,5914,17,3106,0,1104,1134,1,0
752,50000,0,0,0,0,0,0,48658,46749,42190,30683,29140,28986,1900,1613,1504,1200,1100,1100,0,0
753,170000,2,2,2,0,0,0,75960,64683,51184,37938,25292,12646,2000,0,0,0,0,173869,1,0
754,130000,0,0,0,0,0,0,127125,78165,79306,80974,83635,87287,4000,3000,3000,5000,5000,5000,0,0
755,360000,0,0,0,0,0,0,23690,67560,26649,15830,20025,21404,60284,16079,5024,9032,8035,12073,1,0
756,20000,0,0,0,0,0,0,17728,18835,38099,18471,16408,17135,1700,1262,1244,595,1000,1000,1,0
757,20000,0,0,2,0,0,-2,19277,20997,20200,20000,0,0,5000,0,0,0,0,0,1,1
758,150000,-1,-1,-2,-1,-1,-1,3305,0,0,1298,359,6100,0,0,1298,359,6100,0,0,0
759,50000,0,0,0,0,0,0,6514,7513,9981,10442,10496,10933,1500,3000,1000,600,1000,404,1,0
760,400000,0,0,0,0,-1,-1,35383,33892,22071,18161,14669,686,12119,9177,90,14709,686,18444,0,0
761,360000,-2,-2,-2,-2,-2,-2,5041,7485,4480,3260,3884,4352,2500,7740,3260,3884,4352,4509,0,0
762,50000,0,0,0,0,0,0,49711,50820,41981,2888,2640,2140,2019,2564,1000,0,500,6859,0,0
763,90000,-1,-1,-1,-1,0,0,6146,6193,0,3199,1888,0,6198,200,3199,0,0,0,0,0
764,20000,2,3,2,2,2,0,17757,17193,16602,19521,18925,18806,0,0,3200,0,900,633,0,0
765,20000,0,0,0,0,0,0,15284,15303,14724,15055,13389,11924,6230,1500,1500,500,1200,454,0,0
766,140000,0,0,0,0,0,0,135261,137999,141532,75815,65099,66445,4494,5303,2806,1825,1880,1901,1,1
767,20000,0,0,0,0,0,0,13896,12906,13983,10983,5400,0,2000,2500,2000,0,0,0,1,1
768,90000,0,0,0,0,0,0,81902,71768,72163,27124,27724,28724,3274,2271,1400,1000,1000,1000,0,0
769,50000,0,0,0,0,0,0,23142,28202,30610,30227,18413,17195,5494,3202,3502,3200,2500,3000,1,0
770,500000,-1,-1,-1,-1,0,0,6259,2937,10410,30016,8014,2630,2962,10457,30026,26,13,2283,0,1
771,50000,0,0,-1,-1,-1,-1,33782,35650,390,390,46310,0,4000,390,390,46310,0,0,0,1
772,50000,0,0,0,0,0,-1,42326,19067,7690,8322,5522,1522,1500,1500,1000,200,2000,50000,0,0
773,120000,0,0,0,0,0,0,81878,83429,77262,78783,75252,77090,3014,5000,5000,2726,4000,3000,0,0
774,50000,0,0,0,0,0,0,49772,50261,50630,30192,30297,28541,2082,1726,1013,1061,1135,886,0,0
775,150000,0,0,0,0,0,0,107506,108154,43027,4946,3460,4112,5109,1316,1004,104,2012,108008,0,0
776,50000,0,0,0,0,0,0,47407,37716,30873,24659,15849,8540,2039,1400,1612,0,0,0,0,0
777,80000,-2,-1,-1,-1,0,0,2530,3041,6603,1483,1485,4665,3055,6622,1483,2,4683,1700,0,0
778,260000,1,2,2,2,0,0,58261,59706,60969,59400,60315,63230,3000,2800,0,2500,4000,4000,0,0
779,50000,2,2,2,4,3,3,37530,38630,41774,40806,41357,41380,2000,4086,0,1500,1000,1800,1,0
780,20000,0,0,0,-2,-2,-2,2508,3448,-202,-202,950,0,1000,202,0,1152,0,1000,1,0
781,390000,1,-2,-2,-2,-2,-2,0,0,0,0,0,0,0,0,0,0,0,3971,0,1
782,80000,0,0,0,0,0,0,51925,51544,49430,46864,46473,48191,3018,2113,3007,2000,3000,20000,1,0
783,70000,0,0,0,0,0,0,10042,10577,11129,11650,12997,14322,1176,1196,1185,2000,2000,2000,0,0
784,300000,1,-2,-2,-2,-2,-2,0,0,0,0,0,0,0,0,0,0,0,0,0,0
785,50000,1,2,0,0,0,0,51047,47924,49053,50106,17756,18072,0,2200,2180,1000,1000,800,1,0
786,500000,0,0,0,0,0,0,110651,94609,95607,95276,90310,91229,3005,3027,6024,3003,2334,4087,0,0
787,60000,1,2,2,-2,-2,-1,21501,20650,0,0,0,2285,0,0,0,0,2285,0,0,0
788,140000,0,0,0,0,0,0,84873,82471,84235,82432,81465,83160,4000,4010,3800,3200,3100,3000,0,0
789,180000,1,-1,-1,-2,-2,-2,0,149,0,0,0,0,149,0,0,0,0,0,0,0
790,200000,-1,0,0,0,0,0,145687,146519,144315,130807,124688,122518,7627,4631,5066,5033,5007,5125,0,0
791,290000,-2,-2,-2,-2,-2,-2,-68,-68,-68,675,-6,2168,0,0,743,0,2174,972,0,0
792,130000,0,0,0,0,0,0,116336,121544,128243,115204,101158,95895,10063,20000,10009,10000,5000,5000,0,0
793,500000,0,0,0,0,0,0,146700,126765,107965,89339,67854,54918,4585,3789,3942,2433,10000,762,0,0
794,300000,-1,-1,-1,-1,-1,-1,1068,1168,1005,1372,1610,1355,1168,1005,1372,1610,1355,1426,1,0
795,490000,1,2,0,0,0,0,230090,224913,227998,217660,194641,199344,0,12000,12000,8000,8000,8000,1,0
796,70000,0,0,0,0,0,0,69388,70480,66646,69641,46458,50679,3439,3237,4938,1693,5000,2200,1,1
797,420000,0,0,0,0,0,0,122418,113122,89586,83713,55375,54291,4816,4128,3147,2018,3130,3006,1,0
798,170000,-2,-1,0,0,-1,-1,416,2939,5447,416,7509,6387,2939,3000,5,7509,6387,1666,0,0
799,30000,0,-1,2,-1,-1,-1,1924,7096,2982,1732,3836,2461,7096,0,1732,3836,2461,3704,0,0
800,130000,0,0,0,0,0,0,89956,61868,63766,65839,67908,63530,2317,3000,3000,3000,5000,2305,1,0
801,180000,2,2,2,0,0,0,178854,177159,177477,176197,170173,139649,2600,5022,5000,6000,7000,6000,0,1
802,150000,0,0,0,0,0,0,23364,22846,25779,22303,16981,16837,1450,5779,1300,700,1000,1000,0,0
803,180000,0,0,0,0,0,0,133733,92955,90159,68789,26614,27528,3514,3569,3204,1000,1310,4459,0,0
804,30000,0,0,2,0,0,0,30518,34984,30321,23610,20614,18873,5002,7,1511,5005,5183,5108,0,0
805,260000,-1,-1,-1,-1,-1,-1,165,165,274,165,333,165,165,274,165,333,165,293,0,0
806,30000,1,4,3,2,2,4,24386,23744,23090,22436,26886,30858,0,0,0,5000,5000,0,1,0
807,100000,2,0,0,0,0,0,85806,85195,85464,86921,88524,91241,3100,4000,4000,3500,5000,10000,1,1
808,50000,0,0,0,0,0,0,8406,8418,8347,12321,6294,3333,3000,3000,7508,1000,1000,1500,1,0
809,50000,0,0,0,0,0,0,27963,28715,29381,29140,25022,29608,2001,2001,1014,1006,7004,1003,1,0
810,20000,0,0,0,0,0,0,19701,20302,19200,17085,17953,19299,2000,1500,2000,2000,2000,1000,1,0
811,390000,1,-2,-2,-2,-2,-2,0,0,0,0,0,0,0,0,0,0,0,0,1,0
812,410000,-1,-1,-1,0,0,0,4111,874,25014,26184,21515,15656,897,26880,15083,12049,4077,5541,1,0
813,450000,-1,-1,-2,-2,-2,-2,2500,0,0,0,0,0,0,0,0,0,0,0,1,1
814,50000,0,0,0,2,2,2,42159,43172,46450,45402,48677,47740,2000,4000,0,4000,0,2300,1,1
815,50000,0,0,0,0,0,0,36809,33121,29672,22365,12702,4134,5143,5000,1021,0,3000,0,0,0
816,360000,-1,-1,-1,-1,-1,-1,1800,2410,2722,2961,2669,2054,2413,2738,2969,2677,2060,2071,1,0
817,100000,0,0,-1,-1,0,-1,92265,93873,1473,2946,1473,540,5000,1473,2946,0,540,780,0,0
818,150000,-1,-1,2,-1,-1,-1,820,3191,1965,1300,936,901,3431,0,1300,936,901,911,1,0
819,380000,0,0,0,0,0,0,27268,75331,72950,70022,70861,70897,50042,3017,3000,3016,3000,4010,1,0
820,360000,0,0,0,-1,0,0,221855,256171,-229,10527,9564,0,46000,0,10756,5035,0,0,1,0
821,300000,0,0,0,0,0,0,32608,39029,38177,54867,66276,78169,20018,6028,25030,20023,20000,10000,0,0
822,10000,1,-2,-2,-2,-2,-2,0,0,0,0,0,0,0,0,0,0,0,0,1,0
823,120000,0,0,0,2,2,0,7164,9383,16571,16607,16043,16379,2515,7703,600,0,595,599,1,1
824,50000,0,0,0,0,0,0,11618,12641,13953,13924,14399,14610,1216,1528,499,700,600,541,0,0
825,210000,-1,0,0,0,-2,-2,4432,5373,6200,0,0,0,1173,1000,0,0,0,0,1,0
826,110000,-1,-1,-1,-1,-1,0,1687,400,300,922,3509,1979,400,300,922,3509,0,5192,0,1
827,360000,-1,-1,-1,-1,-1,-1,21421,31104,17918,19259,26924,19049,31110,17918,19459,26924,19049,7648,0,0
828,150000,0,0,0,0,0,0,69955,59380,57431,52754,52430,41770,1873,1897,1552,1649,2005,11064,0,0
829,230000,-2,-2,-2,-2,-2,-2,0,0,0,0,0,0,0,0,0,0,0,0,0,1
830,170000,0,0,0,0,0,0,154278,161679,165068,166227,109682,112906,10000,7500,6778,4000,5000,5000,0,0
831,280000,-1,-1,-1,-1,-2,-2,27290,0,720,0,0,0,0,720,0,0,0,0,0,0
832,20000,0,0,2,0,0,0,6111,10479,10167,10695,11365,12170,4500,0,1000,1000,1000,1000,1,0
833,410000,-1,-1,-1,-1,-1,-1,5135,2916,13379,5165,5034,3089,2916,13379,5180,5851,3089,6271,1,0
834,50000,3,3,2,2,2,0,26798,27274,27529,28280,27691,28278,1200,1000,1500,0,1200,1200,1,1
835,150000,-2,-2,-2,-2,-2,-2,0,0,0,0,0,0,0,0,0,0,0,0,0,0
836,180000,0,0,0,0,0,2,122187,123790,125258,125214,131276,114050,6000,6000,4400,9000,0,4000,1,1
837,130000,2,2,2,2,0,0,65767,74474,78652,76790,78400,79996,9813,6000,0,3001,3058,2866,0,1
838,50000,3,2,0,0,0,0,39437,38525,40809,33021,35479,36238,0,3000,2000,3000,1500,2000,1,0
839,150000,0,-1,-1,-2,-2,-1,13219,1179,0,0,0,35752,1179,0,0,0,35752,1448,0,0
840,170000,0,0,0,0,2,0,158326,119426,109136,106882,99917,97133,6043,4037,10019,9,3480,4635,1,0
841,400000,-2,-2,-2,-2,-2,-2,389,389,389,320,14185,389,390,390,321,14255,390,390,0,0
842,270000,1,-1,-1,-1,-1,-1,0,278,608,494,315,0,278,608,494,315,0,181,1,0
843,260000,0,0,0,0,0,0,255674,260778,124739,126892,131160,133400,10663,4520,4537,6308,6000,0,0,1
844,60000,1,-2,-1,-1,-2,-1,0,0,15798,0,0,11688,0,15798,0,0,11688,0,0,0
845,380000,0,0,0,0,0,0,121868,114627,102551,101323,84087,86661,6000,5000,5000,5000,5000,5000,0,0
846,90000,2,2,2,0,0,2,90322,92257,89939,91176,91331,87588,4300,0,3656,7100,0,7200,1,1
847,20000,1,3,3,2,2,2,16180,16635,16082,15529,16525,16110,1000,0,0,1400,0,1504,0,0
848,270000,1,-1,-1,-1,-1,0,0,2521,5145,8422,6374,1566,2521,5184,8422,6374,0,1429,0,0
849,90000,-1,-1,-1,0,0,0,316,3066,3832,6194,5878,316,3066,3832,5878,0,0,3316,0,0
850,110000,0,0,2,2,-2,-2,101138,69449,34983,-18,-18,-18,3400,0,0,0,0,0,0,1
851,360000,0,0,0,0,0,0,270955,275178,280535,82455,83359,85171,8000,7500,3500,2500,2500,2600,1,0
852,160000,0,0,0,0,-1,-1,138825,135233,130038,79027,6666,6666,6800,5600,3715,6666,6666,6666,1,1
853,50000,0,0,0,0,0,0,51212,50165,19814,20210,20125,19010,2000,1296,692,709,698,1000,1,0
854,20000,0,0,-1,-1,-1,2,19000,15114,5831,14784,961,311,1000,5831,14784,961,0,15735,0,0
855,80000,2,0,0,0,0,2,77490,80204,79650,81338,81438,80959,5000,4000,4003,13000,3515,0,0,1
856,340000,-1,-1,-1,-1,-1,-1,317,3074,3002,2613,1806,1989,3074,3002,2613,1806,1989,3370,0,0
857,240000,0,0,0,0,0,0,236267,239009,193335,194976,197168,196918,9000,7500,7000,6622,17150,20000,0,1
858,50000,0,0,-1,-1,-1,-1,35131,6559,836,836,836,3300,5582,836,836,836,3300,1476,0,0
859,80000,-1,-1,-1,-1,-1,-1,329,49,317,827,390,120,500,320,900,400,120,400,0,0
860,30000,-1,2,2,2,-1,2,5239,3434,4845,3048,8314,5080,0,3048,0,8314,0,4132,0,1
861,80000,3,2,0,0,0,2,42080,41131,42281,42605,47544,33115,0,2200,1500,5600,0,2275,0,0
862,360000,-1,-1,-2,-2,-2,-2,2500,0,0,0,0,0,0,0,0,0,0,0,0,0
863,230000,-1,-1,-1,0,0,0,519,518,2784,2360,1908,97,518,2784,32,0,0,0,1,1
864,230000,1,-2,-2,-2,-2,-2,0,0,0,0,0,0,0,0,0,0,0,0,0,1
865,110000,2,2,2,2,2,2,85814,91999,91803,94376,96409,98072,8500,2200,5000,3700,3400,4000,0,1
866,30000,0,-1,-1,2,0,0,22215,18243,29013,28256,28979,31369,18243,11500,0,1177,3000,0,0,0
867,60000,0,0,0,0,0,0,62321,61015,58160,51237,29999,28972,3000,3016,5011,1005,1000,14000,0,0
868,100000,2,3,2,0,0,0,84098,83160,81265,83012,84933,94362,1000,0,3100,3300,11000,0,0,1
869,300000,1,-2,-2,-2,-1,3,-694,-694,0,0,694,394,0,694,0,694,0,0,0,0
870,20000,2,0,0,0,2,2,6078,7015,8036,9597,9294,10242,1200,1140,1700,0,1100,0,1,1
871,170000,1,-2,-2,-2,-2,-2,0,0,0,0,0,0,0,0,0,0,0,0,1,0
872,200000,1,-2,-2,-2,-2,-2,-5,728,0,0,0,0,733,0,0,0,0,0,0,1
873,120000,0,0,0,0,0,0,117738,120127,119719,118042,120682,120491,5820,5670,4250,4450,4470,4150,0,0
874,510000,0,0,0,0,0,0,63573,62933,62320,61012,60519,58856,2900,3000,2400,2500,1800,1900,1,0
875,80000,0,0,0,0,0,0,78178,77637,73966,71447,66994,66813,3437,3300,3050,5000,2700,2300,0,0
876,200000,-1,-1,-1,-1,-1,-1,4890,3630,4882,10955,10435,1665,3630,4882,11034,10435,1665,3765,1,0
877,360000,-2,-2,-2,-2,-2,-2,4765,3415,1539,6501,3458,2786,3434,1546,6541,3475,2788,5710,0,0
878,200000,-1,-1,-1,0,0,0,4585,33282,16175,104872,22897,29339,33485,16254,100551,12077,20182,21104,1,0
879,240000,1,-1,-1,-1,-1,-1,0,189,651,0,127,0,189,651,0,127,0,0,0,0
880,140000,0,0,0,2,0,0,90547,92536,96535,98041,100504,103874,3500,5500,4000,5000,5000,5000,1,0
881,250000,1,-2,-2,-2,-2,-2,-129,-129,-329,-329,-329,-529,0,200,0,0,200,86,0,0
882,50000,0,0,0,2,2,6,11583,16051,25725,25017,34385,33248,5000,10000,0,10000,0,10000,1,1
883,20000,1,2,0,0,0,0,20251,19637,19539,20080,18855,20130,0,2000,841,696,1600,0,1,1
884,80000,-1,2,2,-2,-2,-2,259,259,0,0,0,0,0,0,0,0,0,0,0,0
885,30000,-1,0,-1,-1,-1,-2,497,1169,220,1705,0,0,1001,220,1705,0,0,0,0,0
886,20000,0,0,0,0,0,2,18603,15208,16153,18175,19876,19419,1555,1500,2300,2000,0,1000,0,0
887,50000,0,0,0,0,0,0,46794,46836,48062,49242,18713,19456,1756,1982,2162,633,1007,627,1,0
888,190000,-1,-1,-1,-2,-1,-1,500,300,0,0,418,964,300,0,0,418,964,670,0,0
889,20000,2,2,2,2,2,2,150,150,150,1150,1000,0,0,0,1000,0,0,0,1,0
890,280000,1,2,2,2,0,0,168708,172528,174328,170028,174281,185348,8000,6100,0,7000,14000,7000,1,1
891,50000,0,0,0,0,0,0,40197,41240,37093,32925,26640,22247,2044,2000,1547,2388,944,1000,1,1
892,90000,2,2,2,3,3,3,48674,49895,52570,53614,54534,53374,2300,4116,2500,2052,0,0,1,0
893,150000,5,4,3,2,2,2,79529,77757,75841,73678,77273,56577,0,0,0,4874,1000,0,0,0
894,150000,1,2,2,2,2,2,23959,23276,25294,26780,27143,27563,0,2400,2201,1100,1000,0,1,1
895,150000,-1,-1,-1,-1,0,0,360,360,360,16133,22309,22377,360,360,16133,7000,796,819,1,0
896,70000,0,0,2,0,0,0,31377,31420,30940,24765,25942,27073,6000,1125,1300,3000,2500,1200,0,0
897,180000,-2,-2,-2,-2,-2,-2,-16,-16,-16,850,0,0,0,0,866,0,0,0,1,0
898,80000,0,0,0,0,0,0,80297,65002,62321,43303,40866,40573,3410,13800,3557,1620,1520,1805,0,0
899,110000,-1,-1,-1,-1,-1,-1,316,31895,316,316,316,31775,31895,316,316,316,31775,1152,0,1
900,10000,0,0,2,0,0,0,4216,6476,6224,6347,12856,8078,2500,0,227,239,3412,0,1,1
901,80000,1,2,0,0,-1,-1,21723,21097,22140,18349,3540,0,0,2000,0,3540,0,0,1,0
902,80000,2,2,2,2,2,2,67206,65537,69361,67647,72524,74068,0,5500,0,6000,3000,0,1,1
903,110000,0,0,0,0,0,0,93466,87748,109517,107403,81794,78463,4438,76000,5000,4000,3000,5000,0,0
904,80000,0,0,0,0,0,0,46516,30122,24099,7764,4804,10221,15029,5048,229,303,6018,500,1,0
905,400000,-1,0,0,-1,0,0,17253,161057,192054,20660,18242,15609,160002,42263,20663,6020,3500,1003,1,0
906,60000,0,0,0,0,0,0,26129,30544,21712,23284,24945,25402,5000,2000,2000,2000,2000,2000,1,0
907,580000,-1,-1,-1,-1,-1,-1,20498,2290,4968,4481,5574,14240,2290,4968,4485,5583,14242,9986,0,0
908,80000,0,0,0,0,0,2,26170,25215,26189,26801,28593,26020,1414,1388,1000,2180,0,929,1,1
909,500000,1,0,0,0,0,0,2817,7682,47403,36067,46054,34290,5037,47221,5026,16005,2000,1000,1,0
910,20000,1,3,2,2,0,0,15598,15055,16511,15953,16190,16777,0,2000,0,800,1000,1000,1,1
911,30000,0,0,0,0,0,0,29119,29827,29583,29166,29066,29008,1500,2019,1400,600,580,0,1,0
912,50000,0,0,0,0,-1,0,48482,47226,11151,-2897,48211,48154,2500,3002,1500,52000,1900,1800,0,0
913,340000,-1,0,0,0,0,0,11806,13535,18784,26069,20007,15857,10000,6000,23000,400,5857,6500,0,0
914,160000,0,0,0,0,0,0,136053,86746,86019,87990,87186,84373,3528,3500,3500,4000,3500,3500,0,0
915,50000,0,0,0,0,0,-2,26666,21062,6495,2207,0,0,2000,2000,1000,0,0,0,1,0
916,80000,2,2,2,2,2,0,41586,44690,43671,49683,48757,49782,3775,0,6768,0,1834,1744,0,1
917,60000,0,0,0,2,2,0,27104,28179,30586,30885,30268,30103,1500,2867,1080,0,1319,2200,0,0
918,50000,1,2,0,0,0,0,51377,50253,50047,43142,10677,10105,0,2424,2355,363,361,393,0,0
919,30000,-1,-1,-1,-1,-1,-1,1688,0,850,2158,0,1935,0,850,2158,0,1935,0,0,0
920,100000,-1,0,0,0,0,0,87055,84712,76202,72368,71384,70346,3000,3403,2656,2500,2600,3000,0,0
921,160000,-2,-2,-2,-2,-2,-2,0,0,0,0,741,0,0,0,0,741,0,0,0,0
922,130000,0,0,0,0,0,0,124769,127966,119008,46659,47588,47698,5400,3941,1742,1671,1712,1730,0,0
923,80000,0,0,0,0,0,0,64440,64685,64956,65183,65455,65683,3000,3000,3000,3000,2500,12500,0,0
924,490000,1,-2,-2,-1,0,0,380,380,380,15240,19656,24006,380,380,15240,5000,5000,7396,1,0
925,210000,-1,-1,-1,0,-1,-1,10128,19631,23906,373,3073,7418,19631,23906,0,3073,7418,11894,0,0
926,220000,-1,-1,-1,-1,-1,-1,184,1709,919,47545,2398,3338,1709,919,47545,2398,5178,12448,1,0
927,10000,1,3,2,2,2,2,8352,8078,7800,8672,8388,9248,0,0,1000,0,1000,0,0,0
928,100000,0,0,0,0,0,0,100296,97239,98386,69324,53183,53559,3703,4091,3403,2001,2004,2000,0,0
929,500000,-2,-2,-2,-2,-2,-2,0,5218,3981,0,3672,7617,5218,3981,0,3672,7617,2691,0,0
930,200000,2,2,2,2,2,2,147660,148603,143647,152605,155981,158508,5500,0,12000,8000,5800,80,1,1
931,20000,0,0,-1,0,0,0,19739,17875,19174,19158,18762,19223,1000,26299,673,680,772,851,1,0
932,50000,1,2,2,2,2,2,19096,18492,21186,22538,22274,22767,0,3000,2000,400,1000,0,0,0
933,400000,-2,-2,-2,-2,-2,-2,6573,8155,11724,10570,15120,11453,8195,11755,10617,15189,11495,18506,0,0
934,150000,-2,-2,-2,-2,-2,-2,5423,4133,14279,5985,8333,8241,4133,14296,5990,8342,8241,17817,0,0
935,80000,-2,-2,-2,-2,-2,-2,390,0,780,0,0,0,390,780,0,0,0,0,0,0
936,500000,0,0,0,0,0,0,234957,215459,201715,141177,130352,126422,8086,7412,4721,3854,3622,3433,0,0
937,70000,2,0,0,2,2,2,41087,42445,45020,44006,46905,46012,2007,3582,0,3601,0,1820,0,1
938,80000,1,-1,0,0,0,-1,-1645,78379,76304,52774,11855,48944,85900,3409,1178,1926,52964,1804,1,1
939,150000,-2,-1,2,0,0,-2,0,13206,10227,398,0,0,13206,0,0,0,0,0,0,0
940,240000,2,2,-2,-2,-2,-2,2500,0,0,0,0,0,0,0,0,0,0,0,1,1
941,180000,-2,-2,-2,-2,-2,-2,0,533,2329,1778,2510,184,533,2329,1778,2514,184,1103,0,0
942,120000,2,2,2,2,2,2,115040,117371,119044,120086,120662,118345,6000,5600,4500,4300,0,4800,1,0
943,120000,-2,-2,-2,-1,0,0,73900,0,0,3663,3663,0,0,0,3663,0,0,0,0,0
944,40000,1,2,0,0,0,0,40910,39592,40135,37403,30159,27854,0,2196,4,603,925,389,0,0
945,240000,-1,0,-1,-1,-1,-1,20272,11294,16873,1143,4317,14940,1000,16906,1143,4317,14940,0,0,0
946,80000,1,1,-1,-1,-1,-1,62550,0,10000,18150,7490,7490,10000,10000,18150,7490,7490,7490,0,0
947,340000,-1,-1,-1,-1,-1,-1,4676,3806,526,36374,32413,12092,3806,526,36374,32413,12092,13743,0,0
948,30000,6,5,4,3,2,0,33134,32351,31397,30321,30000,28961,0,0,0,0,5000,0,1,0
949,120000,0,0,0,0,0,0,64670,68574,71849,74974,83137,51377,5000,5000,5000,10000,5000,5000,1,0
950,210000,-1,-1,-1,2,-1,0,1890,3037,2429,823,1089,1451,3037,1200,0,1089,1201,1031,1,0
951,150000,2,0,0,0,0,0,101425,104014,108229,109374,111279,125353,3872,5500,4005,3241,15500,4000,0,0
952,10000,0,0,0,0,0,2,8109,9219,10200,9694,9684,9872,1400,1300,500,1000,500,0,1,0
953,210000,-2,-2,-2,-2,-2,-2,0,0,0,0,0,0,0,0,0,0,0,0,0,0
954,70000,-1,0,0,0,0,0,71232,71262,71509,70695,71189,70554,2751,3600,2694,2800,2743,2700,0,0
955,30000,0,0,0,0,0,0,29063,28601,28503,27525,27630,0,1908,1200,2,835,0,0,1,0
956,20000,1,2,0,0,0,2,15596,15053,15773,17102,18704,18263,0,1269,1598,2200,0,3700,0,1
957,30000,2,2,2,2,0,0,19992,21055,22120,21471,21598,23241,1700,1700,0,782,2000,1100,1,0
958,20000,0,0,0,-2,-2,-2,16203,4550,0,0,0,0,2000,0,0,0,0,0,1,0
959,20000,0,0,2,0,0,0,9410,11840,11260,11260,11260,0,2600,0,0,0,0,0,0,0
960,20000,1,5,4,4,3,2,21703,21087,21461,20835,20219,20487,0,1000,0,0,760,0,0,0
961,100000,0,0,0,0,2,0,90118,88435,90147,94425,92853,93816,4110,4101,6623,0,3503,3360,0,0
962,210000,1,-1,-1,0,0,-1,0,1200,12466,16870,17741,13049,1200,12466,6004,6000,7282,9731,0,1
963,190000,-2,-2,-2,-2,-2,-2,8010,922,3200,15010,4575,7279,922,3208,15010,4575,7279,0,0,0
964,240000,-2,-2,-2,-2,-2,-2,2007,21790,17102,13367,22659,22707,21817,1120,13434,22772,22820,8050,1,0
965,240000,-2,-2,-2,-2,-2,-2,0,0,0,0,0,0,0,0,0,0,0,0,1,0
966,50000,-1,-1,-1,-1,-1,-1,2159,1956,5592,10676,671,9826,1961,5608,11906,673,9855,7627,1,1
967,50000,0,0,2,0,0,0,52227,55264,52028,32140,32216,31482,5350,0,1085,2000,1226,2415,0,0
968,130000,0,0,0,0,0,0,116186,111703,105091,100046,96090,90359,5500,4500,3500,6011,3200,4000,0,0
969,300000,-1,-1,-1,-1,-2,-2,1246,1217,338,0,0,0,1217,338,0,0,0,0,1,0
970,50000,2,2,2,3,2,2,46004,45976,48953,48851,49318,51143,1000,4035,1000,1400,2800,0,1,1
971,200000,0,0,0,0,0,0,187864,191756,194283,191693,188261,155159,8500,7500,7000,5000,7000,2000,0,0
972,10000,0,0,0,0,0,0,4304,5324,6509,7313,6469,6988,1100,1279,1083,500,1000,1000,1,0
973,150000,1,-2,-2,-2,-2,-2,0,0,0,0,0,0,0,0,0,0,0,0,0,1
974,210000,-2,-2,-2,-2,-2,-2,2593,0,0,0,1849,12837,0,0,0,1849,12837,4201,0,0
975,300000,-2,-2,-2,-2,-2,-2,0,0,0,0,0,0,0,0,0,0,0,951,0,0
976,50000,-1,-1,-1,-1,-1,-1,2531,14504,22553,14900,6758,3727,14608,22730,14911,6758,3727,2440,0,0
977,280000,0,0,0,0,0,0,242864,237821,223180,237301,201226,207802,11000,11000,20000,10000,10000,15000,0,0
978,100000,0,0,2,0,0,2,10672,11025,5791,3623,5554,5309,2355,0,500,2000,0,1000,0,0
979,20000,3,3,2,0,0,2,11859,11385,10916,12419,13904,13538,0,0,2000,2000,0,1400,1,1
980,50000,0,0,0,-1,0,0,49336,49623,19900,19183,19563,19157,1423,1000,19183,687,696,776,1,0
981,30000,2,2,2,2,2,2,28766,27183,30023,29243,31262,30327,0,3600,0,2800,0,1080,0,1
982,400000,0,0,0,0,0,0,95719,96369,92336,91816,57477,66203,4652,3565,2731,10031,16027,25000,1,0
983,50000,2,2,2,2,2,2,28947,30072,30895,31589,32071,32709,1900,1600,1500,1300,1300,1500,0,1
984,210000,-1,-1,-1,-1,-1,-1,2827,3517,4412,2700,3578,4075,3527,4425,2708,3588,4087,1841,1,0
985,130000,0,0,0,0,0,0,109383,106149,44841,45451,46564,47516,5300,1700,1300,1500,1500,1400,1,0
986,50000,0,0,0,0,0,0,23605,27856,16386,15511,15664,19761,5856,3386,5411,5664,5761,3866,0,0
987,100000,2,0,0,0,0,2,73073,74739,70844,63924,57326,59654,3500,3003,1910,2400,3300,0,0,1
988,20000,3,2,2,2,2,2,12508,12015,14459,14498,14029,15179,0,2955,597,0,1473,0,0,1
989,60000,0,0,0,0,0,2,60753,54892,59268,17967,20309,17867,2800,6100,621,2609,0,756,1,0
990,360000,-1,-1,-1,-1,-1,-1,1982,-18,3746,-4,906,850,0,3764,0,910,854,1131,1,1
991,150000,-1,0,-1,-1,2,0,1148,3019,100,802,802,702,2000,100,702,0,0,0,0,1
992,170000,0,0,0,0,0,0,170440,170060,115372,211577,120407,122952,8200,5200,5000,5000,5000,4000,0,1
993,240000,-1,-1,-1,-1,-1,-1,1986,1323,329,9228,7776,7500,1323,329,9228,7776,7500,635,0,0
994,70000,0,0,0,0,0,0,68687,69531,71271,70712,50793,50605,2545,2918,6329,1996,1977,1975,0,0
995,120000,-1,-1,-1,-1,-1,-1,1188,2512,3444,1742,502,346,2512,3444,1742,502,346,325,0,0
996,60000,2,2,2,0,0,0,48945,52362,51255,52119,52866,53969,4549,0,2313,2044,2110,2500,1,1
997,230000,-1,-1,-2,-2,-2,-2,3741,0,0,0,0,0,0,0,0,0,0,1010,0,1
998,600000,0,0,0,0,0,0,459600,372345,353121,337695,297541,256158,13713,13250,12854,11191,10029,10000,1,0
999,80000,0,0,0,0,0,0,78862,71124,59692,58055,44578,45889,4000,3000,1844,1567,2000,2000,0,0
